"id","Rashi","House","Hindi","English"
1,1,1,"tkrd jDr vkSj o.kZ] dQ çÑfr okyk] Øks/kh LoHkko dk] eUn cqf)] fLFkj efr rFkk L=h ,oa ukSdjksa ls gkj ekuus okyk gksrk gSA dk;Z jkstxkj dks tYnh cnyus okyk] e`nq ok.kh cksyus okyk] LoLFk 'kjhj okyk] vPNh fo|k cqf) okyk rFkk viuh lUrku ls fo'ks""k I;kj djus okyk gksrk gSA dfBukbZ;ksa esa Hkh viuh lQyrk fudkyus okyk gksrk gSA","The person is of angry disposition, of low intelligence and looses from the opposite sex and servants. Changes employment very fast, is soft spoken, of healthy body, of good intelligence and education and loves his children. Is successful in diversity."
2,1,2,";fn f}rh; Hkko esa es""k jkf’k gks rks tkrd vusd çdkj ds /keZ deZ djus okyk] lquhfroku gksrk gS rFkk mlds iq= Hkh prq""inksa ls ;qDr cM+s fo}ku rFkk /kuh gksrs gSaA ,sls O;fDr dks FkksM+s&FkksM+s le; ds ckn dqN&u&dqN [kkus dh vknr gksrh gSA iSfÙk`d lEifÙk O;fDr dks vklkuh ls fey tkrh gSA og nh?kkZ;q gksrk gSA jkstxkj esa mUufr d""V ls nsxkA","If Aries is in the 2nd house, the person does lots of religious acts, is principled and his sons are also very intelligent and wise. Such a person has a habit of eating at short intervals. Gets paternal property easily and enjoys a long life. Rises in employment with obstacles."
3,1,3,";fn r`rh; Hkko esa es""k jkf’k gks rks tkrd czkã.kksa dk çseh] ijksidkjh] /keZ’kkL=ksa dks lquus okyk] ifo=] cM+k fo}ku rFkk jktkvksa }kjk iwftr gksrk gSA ,sls tkrd de esgur ls dkQh lQyrk çkIr dj ysrs gSA HkkX;oku dgykrs gSA thou lkFkh }kjk iwftr gksrs gSA dqN&dqN vkyL; ç/kku gksrs gSA","If Aries is in the 3rd house, the person is of religious disposition, knows scriptures, very intelligent, wise and is respected all over. Such persons are successful even after little hard work. Such people are called lucky and are greeted by their spouse. They are sometimes lazy."
4,1,4,";fn prqFkZ Hkko esa es""k jkf’k gks rkss tkrd&prq""inksa ,oa fL=;ksa dh lgk;rk ls /ku mikftZr djrk gSA ,sls O;fDr dks utyk [kkalh dh leL;k vDlj ijs'kku djrh gSA dk;Z esa cnyko djuk mudh fu;fr gksrh gSA ekrk ls fo'ks""k yxko gksrk gSA Hkwfe ,oa okgu dk iw.kZ lq[k çkIr gksrk gSa jkT; ls Hkh /ku dh çkfIr gksrh gSaA","If Aries is in the 4th house, then the person generates income with the help of opposite sex. Such a person suffers from colds and cough off and on. Changes jobs often and is attached to mother. Gets all happiness from land, vehicle and also receives money from the govt."
5,1,5,";fn iape Hkko esa es""k jkf’k gks rks tkrd vius fe=ksa] iq=ksa rFkk nsorkvksa dh Ñik ls lq[k ikrk gSA ijUrq blds lkFk gh iki deksZa esa Qal dj nq%[kh ,oa O;kdqy fpÙk Hkh cuk jgrk gSA tkrd foYk{k.k çfrHkk ds /kuh gksrs gSA fo|k iw.kZ :Ik ls çkIr ugha djrssA jkstxkj ds {ks= esa fnu&çfrfnu vkxs c<+rs tkrs gSA","If Aries is in the 5th house, the person gets happiness from friends, sons and blessings of gods. But is entangled in sinful acts so is troubled and worried. The person has a strong influence and is not fully educated. They rise up in occupation every day."
6,1,6,";fn“""k""B Hkko esa es""k jkf’k gks rks tkrd Lo;a gh yksxksa ls 'k=qrk djus okyk gksrk gSA ckgjh LFkkuksa ls mldk lEcU/k gksrk gSA isV fodkj cgqr jgrs gS vkSj dHkh&dHkh vkWijs'ku dh lEHkkouk jgrh gSA ,sls tkrd fQtwy&[kphZ ugha djrsA ,sls tkrd ds ekek Ik{k ls lEcU/k lkekU; jgrs gSA ,sls tkrd vkSjksa dks ekrk dh rjg ikyus okys gksrs gSA","If Aries is in the 6th house, the person himself creates enmities and has some external relations Suffers from stomach ailments and may be operated upon. Such a person does not over spend and takes care of all like his own mother."
7,1,7,";fn lIre Hkko esasa es""k jkf’k gks rks tkrd dh iRuh Øwj] nq""V LoHkko dh] ikikuqjDr] dBksj] /ku yksyqi gksrh gSA jkstxkj ds {ks= esa iw.kZ lQyrk fey tkrh gSA Lo;a ,sls tkrd xkSj&o.kZ vkSj xBhys 'kjhj ds gksrs gSA fnekx cgqr larqfyr jgrk gSA ,sls tkrd ckgjh O;fDr;ksa esa cgqr çfl) gksrs gSA","If Aries is in the 7th house, then the persons’ wife is of cruel disposition, headstrong, money minded, and lives a sinful life. Is highly successful in areas of employment. Such a person has fair complexion and a strong body. With a balanced mind, such a person has a good standing outside."
8,1,8,";fn v""Ve Hkko esa es""k jkf’k gks rks tkrd jksxh 'kjhj okyk] ijnsl esa jgus okyk] fiNyh ckrksa dks ;kn djds ewfPNZr gks tkus okyk] egk/kuh] lkFk gh vR;ar nq%[kh gksrk gSA tkrd dk thou lkFkh e`nq O;ogkj okyk gksrk gS rFkk dqN u dqN pckus dk 'kkSd jgrk gSA ckj&ckj chekj jgus ij Hkh tkrd dks e`R;q dk dksbZ [krjk ugha jgrkA","If Aries is in the 8th house, the person has a sick body, stays abroad. Extremely rich and of a sad disposition. He may faint while reminiscenting. The spouse of such a person has a jovial nature and is interested in chewing. Though suffers illness many a times, such a person has a long life."
9,1,9,";fn uoe Hkko esa es""k jkf’k gks rks tkrd Ik’kqvksa dk ikyu djus okyk rFkk mUgsa n;k çnku djus okyk rFkk mUgsa nku esa nsus tSlk /keZ djus okyk gksrk gSA tkrd ijkØeh] /kS;Zoku rFkk /kkfeZd dk;ksZa esa iw.kZ :fp ysrk gSA vkSj mls 'kkL=ksa dk Hkh vPNk Kku gksrk gSA ekÙk` Ik{k ls mls fo'ks""k ykHk ugha fey ikrkA","If Aries is in the 9th house, the person has a passion for animals, may donate animals or may donate money for the welfare of animals. The person is influential, has patience and interested in religious works knows scriptures. Doesn’t get any special benefit from the mother’s side."
10,1,10,";fn n’ke Hkko esa es""k jkf’k gks rks tkrd fou;ghu] v/kehZ] nq""V rFkk lTtuksa }kjk fufUnr gksrk gSA ,sls tkrd dks firk rFkk jkT; ls d""V çkIr gksrk gSA ,sls tkrdksa dks jkstxkj ds lEcU/k esa tYnh&tYnh LFkku ifjorZu djuk iM+rk gSA dHkh&dHkh O;kikj esa T;knk ?kkVk mBkuk iM+ tkrk gSA fo|k dk lnqi;ksx ugha dj ikrs rFkk ekufld fpUrkvksa ls xzLr jgrs gSaA","If Aries is in the 10th house, the person is involved in sinful acts, cruel and is reviled by all. Such persons face trouble from father and govt. These persons change jobs and places and suffer huge losses in business. Do not employ education gainfully and are surrounded with mental tensions."
11,1,11,";fn ,dkn’k Hkko esa es""k jkf’k gks rks tkrd dks Ik’kqvksa] jktlsok rFkk ns’kkUrj ls çpqj ykHk gksrk gSA fo|k dh deh ds ckotwn iw.kZ ;qfDr ls viuk dk;Z fl) djus okys gksrs gSA lUrku ljy fpÙk] foosdh ,oa U;k;fç; gksrh gSA llqjky Ik{k ls ykHk feyrk gSA","If Aries is in the 11th house, the person gains handsomely from animals, govt. service and travels within the country. Though with little education, they still reach their goals. Their progeny is cool, good natured, simple and compassionate. They get lot of benefit from their in-laws."
12,1,12,";fn }kn’k Hkko esa es""k jkf’k gks rks tkrd] lq[k iwoZd jgus] Hkkstu] prq""inksa rFkk vusd çdkj dh o`f) esa vius iq:""kkFkZ }kjk mikftZr /ku dks [kpZ djrk gSA ,sls tkrd fons'k Hkze.k djrs gS rFkk isV dh leL;kvksa ls f?kjs jgrs gSA 'k=q Ik{k ij viuk çHkko cuk dj muls lkekU; lEcU/k cuk ysrs gSA","If Aries is in the 12th house, the person enjoys all comforts, good foods and spends money earned through his hard work. Such people travel abroad and suffer from stomach ailments. They influence all opposition and neutralize it."
13,2,1,"çFke Hkko esa o`""k jkf’k gks rks tkrd ekufld jksxksa ls xzLr] Lotuksa }kjk viekfur] fe=ksa dk fo;ksx ikus okyk rFkk dyg] nq%[k] 'kL=k?kkr ,oa ckj&ckj /ku gkfu ds dkj.k nq%[k Hkksxus okyk gksrk gSA tkrd fuiq.k /kkU;;qDr] prqj] fL=;ksa dk eu thrus okyk] lTtuksa dk fe= rFkk çlUu cus jgus okyk gksrk gSA","If Taurus is in 1st house, the person suffers from mental ailments, is reviled by friends and is surrounded by squabbles and is very unhappy. He loses money. Such a person is rich, clever and has many friends. He is able to influence the opposite sex and remains happy"
14,2,2,";fn f}rh; Hkko esa o`""k jkf’k gks rks tkrd Ñf""k deZ ls /kuksiktzZu djrk gSA mls xk;&HkSal vkfn prq""inksa rFkk Lo.kZ jRukfn dk fufoZ/u ykHk gksrk jgrk gSA tkrd ekfU=d] dkekrqj] n;kyq] çlUufpÙk] O;ogkj dq'ky] ;'kLoh] /keZ&deZ djus okyk] ekrk&firk dk HkDr gksrk gSA","If Taurus is in 2nd house, the person earns money through medicine. He gets maximum benefit from four-footed animals, gold and jewels. The person believes in mantras, is sexually inclined, compassionate of a happy disposition, influential, believes in religion and respects his parents a lot."
15,2,3,";fn r`rh; Hkko esa o`""k jkf’k gks rks tkrd jktk dk fe= cM+k çrkih] nkuh]'kwj] dfo] rFkk czkã.kksa dk HkDr gksrk gSA tkrd ij fgrdkjh] iq.;oku] ;'kLoh] lq[kh] 'kwjohj gksrk gSA","If Taurus is in 3rd house, the person is a friend of the king, very influential, compassionate, a giver of alms, poet and is inclined towards religion. The person is happy and courageous."
16,2,4,";fn prqFkZ Hkko esa o`""k jkf’k gks rks tkrd vR;Ur lEekfur rFkk fofo/k yksxksa }kjk lq[k çkIr djus okyk gksrk gSA og Lo&ijkØe] jktk dh lsok rFkk vU; mik;ksa }kjk Hkh lq[k ikrk gSA tkrd dh iRuh mnkj ân; okyh gksrh gSA vki fouez] foosdh] /kS;Zoku lnkpkjh] Hkze.k djus okys gSA","If Taurus is in the 4th house, the person is highly respected and gets happiness from a variety of people. He gets happiness by serving the king. His own influence increases and his wife is big hearted. You are courageous, compassionate, rich courteous and love to travel."
17,2,5,";fn iape Hkko esa o`""k jkf’k gks rks tkrd dks lqUnj] Lo:ioku] dkfUre;h vius ifrozr/keZ esa lnSo vuqjDr jgus okyh thou lafxuh feyrh gSA tkrd xq.kh] iw.kZ lUrku lq[k ikusokyk] /ku] okgu vkfn ds lq[k ls lEiUu lTtu] O;ogkj dq'ky] deZ esa fo'okl djus okyk] 'kkL=K ,oa dykvksa dk tkudkj gksrk gSA","If Taurus is in the 5th house, the person gets a very beautiful, slim, loyal and faithful wife. Such a person gets all happiness from matters of progeny and from wealth and vehicle. Such people believe in working hard and know arts and scriptures."
18,2,6,";fn ""k""B Hkko esa o`""k jkf’k gks rks tkrd viuh lUrku] L=h vFkok ifjokjtuksa ,oa fe=ksa ls gh 'k=qrk djrk gSA vDlj Hkze.k djus okyk] /ku vkfn ls ;qDr xq.kh O;ogkj dq'ky] 'k=qvksa ls f?kjk jgus okyk] uhfrK gksrk gSA","If Taurus is in the 6th house, the person opposes his wife, children and all other family members and friends. Interested in travelling, such a person is rich but is surrounded by enemies and is a diplomat."
19,2,7,";fn lIre Hkko esa o`""k jkf’k gks rks tkrd dh iRuh lqUnj] e/kqqj&Hkkf""k.kh] 'kkUr&LoHkko dh] ifrozrk] Js""Bxq.kksa ls ;qDr] dykvksa dh tkudkj rFkk nsorkvksa dh HkDr gksrh gSA tkrd Lo;a fo}ku] lq'khy vkSj foosdh] /ku] okgu lEiUu] xEHkhj] xkSjooku] lR;oDrk] okdiVqrk esa fuiq.k lnkpkjh gksrk gSA","If Taurus is in the 7th house, the person gets a sweet, beautiful, soft-spoken wife of peaceful disposition, is very loyal and faithful towards her husband and knows fine arts. The person himself is intelligent, wise, compassionate, rich, truthful, has a vehicle, a good orator and a simple man."
20,2,8,";fn v""Ve Hkko esa o`""k jkf’k gks rks tkrd dQ&fodkj] vf/kd Hkkstu] prq""inksa ls vFkok jkf= ds le; nq""Vtuksa ds lEidZ }kjk e`R;q çkIr djrk gSA tkrd lqUnj us=ksa okyk vYi/kuh] vR;f/kd vkylh] vlR;oknh] vf/kd cksyus okyk gksrk gSA","If Taurus is in the 8th house, the person suffers from cough and cold and other ailments, tends to over eat. He may meet death through four-footed animals or by contacts with bad characters in the night. The person has beautiful eyes has limited wealth, overtly lazy, a liar and speaks a lot."
21,2,9,";fn uoe Hkko esaa o`""k jkf’k gks rks tkrd LoksikftZr /ku }kjk vusd çdkj ds /keZ dk;Z] lc çdkj ds oL=kHkw""k.k]a xksnku ,oa lc çdkj ds nku vkfn djus okyk gksrk gSA vf/kd ifjJe ds }kjk /ku lap; djus okyk] 'kkL=ksa esa iw.kZ :fp j[kus okyk] cM+h&cM+h /keZ'kkyk;sa cukusokyk] czkã.kksa dh lsok djus okyk rFkk jktkvksa dk fç; gksrk gSA vius dqy esa cgqr HkkX;oku vkSj ÅPp dksfV dk fo}ku gksrk gSA","If Taurus is in the 9th house, the person does a lot of religious acts by his earned wealth. He donates all kinds of clothes, jewellery and cows. He earns by hard work, knows scriptures, donates and builds dharamshalas and is blessed by pundits and is liked by kings. He is considered lucky and rich in his family"
22,2,10,";fn n’ke Hkko esa o`""k jkf’k gks rks tkrd lk/kqtuksa dh lsok esa /ku [kpZ djus okyk czkã.k] nsork ,oa vfrfFk dk lRdkj djus okyk rFkk Kku:ih laaaartuksa dk fç; gksrk gSA firk dk Lusgh rFkk jkT;ekU; gksrk gSA","If Taurus is in the 10th house, the person spends money in the welfare of sadhus and sanyasis and on guests. He shares a cordial relation with his father and gets respect from the govt."
23,2,11,";fn ,dkn’k Hkko esa o`""k jkf’k gks rks tkrd dks fL=;ksa rFkk lk/kqtuksa ls fo’ks""k ykHk gksrk gSA tkrd dks xk;ksa dh lsok ls Hkh ykHk gksrk gSA ,sls tkrd O;olk; esa C;kt dek dj viuh vkthfodk pykrs gSaA fdlh vkSj dke djus esa vius vki dks iw.kZ l{ke ugha ekursA ,sls tkrdks dks lUrku ls Hkh /ku çkfIr gksrh gSA","If Taurus is in the 11th house, the person derives special benefit from god men and opposite sex. He is also benefited by serving cows. Such people are into money lending business and they get money from their progeny also."
24,2,12,";fn }kn’k Hkko esa o`""k jkf’k gks rks tkrd LoksikftZr /ku dks vusd çdkj ds oL=ksa o fL=;ksa ds lkFk ç.k; yhykvksa esa [kpZ djrk jgrk gSA tkrd dks /ku lap; dh dksbZ fpUrk ugha jgrhA ,sls tkrdks dks xys ls lEcfU/kr chekfj;ka gksrh gSA","If Taurus is in the 12th house, the person spends his money on clothes and opposite sex. The person is not worried about creating wealth. He suffers from throat related ailments."
25,3,1,çFke Hkko esa feFkqqu] jkf’k gks rks tkrd xkSj o.kZ] L=h vklDr] jktk ls ihfM+r nwr&deZ djus okyk] çlUufpÙk] fç;oknh] fouez] laxhrK rFkk lqUnj ds’kksa okyk gksrk gSA,"If Gemini is in the 1st house, the person is of fair color, is inclined towards opposite sex, may face trouble from the king, happy go lucky person, He is a musician and has beautiful hair and is courteous"
26,3,2,;fn f}rh; Hkko esa feFkqu jkf’k gks rks tkrd fL=;ksa dh lgk;rk ls Lo.kZ vkfn dk ykHk çkIr djrk gSA mls lk/kqtuksa dk lRlax Hkh feyrk gSA,"If Gemini is in the 2nd house, the person is able to get the benefit of gold etc. through the help of opposite sex. Gets the company of god men."
27,3,3,";fn r`rh; Hkko esa feFkqu jkf’k gks rks tkrd mÙke okguksa ls ;qDr] fL=;ksa dks fç;] lR;oknh] mnkj] vius dqy esa Js""B rFkk jktkvksa }kjk iwT; gksrk gSA","If Gemini is in the 3rd house, the person has good vehicles, truthful, compassionate, and is liked by the opposite sex. He is well liked by the kings."
28,3,4,";fn prqFkZ Hkko esa feFkqu jkf’k gks rks tkrd fL=;ksa ls] ty&ØhM+k ls] ou&Hkze.k ls rFkk vusd çdkj ds iq""Ikksa ,oa oL=ksa vkfn ls lq[kh jgrk gSA","If Gemini is in the 4th house, the person is happy with opposite sex, in water sports, jungle travels and loves many flowers and clothes."
29,3,5,;fn iape Hkko esa feFkqu jkf’k gks rks tkrd dks lq’khy] xq.koku çse djus okys rFkk cyoku~ iq=ksaa dh çkfIr gksrh gSA,"If Gemini is in the 5th house, the person is soft-spoken, good-natured and has strong sons"
30,3,6,";fn ""k""B Hkko esa feFkqu jkf’k gks rks tkrd dh  viuh L=h ls] ikih yksxksa ls] oS’;ksa ls rFkk uhp tuksa ls 'k=qrk gksrh gSA","If Gemini is in the 6th house, the person is at loggerheads with his wife, bad characters, and with merchants."
31,3,7,;fn lIre Hkko esa feFkqu jkf’k gks rks tkrd dh iRuh] /kuorh] lnkpkfj.kh] lqUnj] loZxq.klEiUu] dkssey LoHkko dh rFkk la?k&oftZr gksrh gSA,"If Gemini is in the 7th house, the person has a simple, beautiful, loyal, faithful and rich wife who possesses all the good qualities."
32,3,8,";fn v""Ve Hkko esa feFkqu jkf’k gks rks tkrd dh e`R;q'k=q ds lkFk jgus] yksHk ls] fdlh jl&inkFkZ ds lsou] xqnk jksx vFkok isV jksx ds dkj.k gksrh gSaA","If Gemini is in the 8th house, the person is meets his end through his enemies or by drinking some liquid or by kidney or stomach ailments."
33,3,9,";fn uoe Hkko esa feFkqu jkf’k gks rks tkrd ln~Hkko iwoZd /kekZpj.k djus okyk] vfrfFk;ksa dk lRdkj djus okyk] czkã.kksa dk Hkkstu djkus okyk] nhuksa ij n;k djus okyk rFkk mUgsa lEeku ,oa vkJ; nsus okyk gksrk gSA","If Gemini is in the 9th house, the person does religious activities, respects his guests and is compassionate towards all."
34,3,10,";fn n'ke Hkko esa feFkqu jkf'k gks rks tkrd xq:tukssa }kjk funssf'kZr deksZa dks djus okyk] yksxksa dks çhfr&dj rFkk lEekuçn dk;ZdÙkkZ ,oa Ñf""k deZ djus okyk gksrk gSA","If Gemini is in the 10th house, the person does what his teachers and guru advises him to do and is respected for all his jobs."
35,3,11,";fn ,dkn'k Hkko esa feFkqu jkf'k gks rks tkrd dks lHkh dkeksa esa ykHk gksrk gSA og fL=;ksa dks fç;] mÙke Hkkstu&iku dk çseh rFkk if.Mrksa esa çfl) gksrk gSA","If Gemini is in the 11th house, the person is benefited through all works. He is dear to the opposite sex, loves good food and is a famous personality."
36,3,12,";fn }kn'k Hkko esa feFkqu jkf'k gks rks tkrd fL=;ksa ds lkFk O;luksa ls ukSdjksa ij rFkk dqfRlr deksZa ,oa ikih yksxksa ij viuk /ku [kpZ djrk gSA","If Gemini is in the 12th house, the person spends money on opposite sex, on bad deeds, and amongst bad people."
37,4,1,";fn çFke Hkko esa ddZ jkf'k gks rks tkrd xkSj o.kZ] fiÙk&çÑfr] nkuh] çkS<+ tyØhM+k&çsseh] vR;f/kd cqf)eku] ifo=] {kek'khy] /kekZRek ,oa ukSdjksa }kjk lqlsfor gksrk gSA","If Cancer is in the 1st house, the person is fair in color, donor, and loves water sports, very intelligent, pure and is served by servants."
38,4,2,;fn f}rh; Hkko esa ddZ jkf'k gks rks tkrd dks ydM+h ds O;olk; ls ykHk gksrk gS rFkk ikuh esa Mwcus dk Hk; Hkh cuk jgrk gSA og uhfr iwoZd tks Hkh /kuksiktZu djrk gS] mldk miHkksx mlds fe= rFkk iq=x.k djrs gSaA,"If Cancer is in the 2nd house, the person is benefited by being in wood trade and is fearful of drowning in water. Whatever he earns is spent on his friends and sons."
39,4,3,";fn r`rh; Hkko esa ddZ jkf'k gks rks tkrd oS';ksa dk fe=] Ñf""kdeZ ls ykHk ikus okyk] /kekZRek] lq'khy rFkk yksdfç; gksrk gSA","If Cancer is in the 3rd house, the person is a friend of traders, gains from medicine, religious, courteous and is loved by all."
40,4,4,;fn prqFkZ Hkko esa ddZ jkf'k gks rks tkrd lqUnj] Lo:ioku] HkkX;'kkyh] lq'khy] fL=;ksa dks fç;] loZxq.k lEiUu fo|k&fouhr~ rFkk yksdfç; gksrk gSA,"If Cancer is in the 4th house, the person is beautiful, lucky, and courteous, dear to opposite sex and has all the good qualities in him. He is loved by all."
41,4,5,;fn iape Hkko esa ddZ jkf'k gks rks tkrd ds iq= fo[;kr] firk dks lq[k nsus okys] ;'kLoh] m}kj] /kuh rFkk fouez LoHkko okys gksrs gSaA,"If Cancer is in the 5th house, the person has famous sons who give all happiness to him. They are rich compassionate and courteous."
42,4,6,";fn ""k""B Hkko esa ddZ jkf'k gks rks tkrd dh vius iq= vFkok vU; tuksa ds vuqjks/k ds dkj.k czkã.k] jktk rFkk Js""B yksxksa ls 'k=qrk gksrh gSA","If Cancer is in the 6th house, the person is at loggerheads with his sons, pundits, kings and others."
43,4,7,";fn lIre Hkko esa ddZ jkf'k gks rks tkrd dh iRuh euksgj :Ik okyh] lkSHkkX;'kkfyuh] xq.korh] larkuorh] dyadghu ,oa ifr dh vkKkdkfj.kh gksrh gSA","If Cancer is in the 7th house, the person has a beautiful, lucky, loyal, faithful wife who has all good qualities."
44,4,8,";fn v""Ve Hkko esa ddZ jkf'k gks rks tkrd dh iRuh lq'khy] yEch] lqUnj] gBh] n`<+&fuf'p;h gksrh gSA tkrd ty ls Mjusokyk] yEcs dn okyk gksrk gSA","If Cancer is in the 8th house, the person has a beautiful, tall, fair but head strong, strong willed wife. The person is afraid of water and is tall."
45,4,9,;fn uoe Hkko esa ddZ jkf'k gks rks tkrd vusd çdkj ds /kkfeZd ÑR; djus okyk( /kekZfJr rhFkZ&;k=k djus okyk vFkok ou esa jgus okyk gksrk gSA,"If Cancer is in the 9th house, the person is highly religious who travels to holy places and may stay in a forest."
46,4,10,";fn n'ke Hkko esa ddZ jkf'k gks rks tkrd miou&tyk'; vkfn dk fuekZ.k djkus okyk rFkk yksxksa dk midkj djus ds fy;s fu""iki deZ djus okyk gksrk gSA","If Cancer is in the 10th house, the person builds gardens and drinking water stalls and does all works with a pure heart,"
47,4,11,";fn ,dkn'k Hkko esa ddZ jkf'k gks rks tkrd ukSdjh vFkok Ñf""k }kjk çpqj ykHk vftZr djus okyk rRi'pkr~ 'kkL= ,oa lk/kqtuksa ls ykHk vftZr djus okyk gksrk gSA","If Cancer is in the 11th house, the person earns a lot through medicine and also gets benefited from scriptures and god men"
48,4,12,";fn }kn'k Hkko esa ddZ jkf'k gks rks tkrd nsork dh vkjk/kuk esa rFkk lk/kqtuksa }kjk ça'kflr] Js""BdeksZa esa viuk /ku [kpZ djrk gSA","If Cancer is in the 12th house, the person is of religious bend of mind and spends his income on religious activities."
49,5,1,";fn çFke Hkko esa flag jkf'k gks rks tkrd ik.Mq&o.kZ] fiÙk&çÑfr ;qDr] ihfM+r vaxksa okyk] ekalkgkj çseh] jE;&jfld] rh{.k LoHkko dk] 'kwj] ,oa Hkze.kçseh gksrk gSA","If Leo is in the 1st house, the person is yellow colored, may suffer from jaundice, has pains in his limbs, loves meat, of sharp temperament, courageous and loves to travel."
50,5,2,";fn f}rh; Hkko esa flag jkf'k gks] rks tkrd ou esa mRiUu oLrqvksa ,oa taxyh thoksa }kjk LoijkØe ls ykHk rFkk /ku vftZr djrk gS vkSj og /ku lcds midkj esa O;; gksrk gSA","If Leo is in the 2nd house, the person is involved in earning money from jungle products or animals. He earns through his courage and spends that money for the welfare of all."
51,5,3,";fn r`rh; Hkko esa flag jkf'k gks rks tkrd 'kwj&ohj] nq""V fe=ksa okyk] /ku&yksyqi] fgald] iki&deksZa esa :fp j[kus okyk] dBksj Hkk""kh] lnSo dq'khy rFkk ?ke.Mh gksrk gSA","If Leo is in the 3rd house, the person is courageous, has cruel, bad friends, is wild, and loves bad deeds, uses a strong language and is an egoist."
52,5,4,;fn prqFkZ Hkko esa flag jkf'k gks rks tkrd vR;ar Øks/kh gksus ds dkj.k lq[kh ugha jgrkA og dU;k lUrfroku~] nfjnz yksaxksa ds lkFk jgus okyk rFkk 'khy jfgr gksrk gSA,"If Leo is in the 4th house, the person is of very angry disposition and does not remain happy. He has daughters and stays with poor people."
53,5,5,;fn iape Hkko esa flag jkf'k gks rks tkrd ds iq= Øwj&LoHkko okys] lqUnj us=ksa okys] ekal fç;] dU;k&lUrfroku~ rhoz LoHkko ds] fons'k oklh rFkk {kq/kkrqj jgus okys gksrs gSaAa,"If Leo is in the 5th house, the person has sons having a cruel nature, with beautiful eyes, love eating meat and the daughter has a sharp disposition and may settle abroad."
54,5,6,";fn ""k""BHkko esa flag jkf'k gks rks tkrd vius iq=ksa rFkk cU/kqtuksa ls 'k=qrk j[krk gs vFkok ij fL=;ksa ds lEidZ o'k mlds /ku dk uk'k gks tkrk gSA","If Leo is in the 6th house, the person has an enmity towards his sons and relatives and loses money on relations with the opposite sex."
55,5,7,";fn lIre Hkko esa flag jkf'k gks rks tkrd dh iRuh rhoz LoHkko dh] [ky] nq""V] foghu os""k okyh] ijk;s ?kj jgus okyh FkksM+k dke djus okyh rFkk Ñ'k 'kjhj dh gksrh gSA","If Leo is in the 7th house, the person has a sharp natured wife who is cruel, has a nagging nature and lives away from her home and does little work."
56,5,8,";fn v""Ve Hkko esa flag jkf'k gks rks tkrd dh e`R;q] fdlh ljhl`Ik ds dkVus] liZna'k (liZ ds Mlus ls) ls] taxyh tho ls] pksj ls vFkok fdlh prq""in ds }kjk gksrh gSA","If Leo is in the 8th house, the person meets his end by snakebite or a wild animal or through a thief."
57,5,9,";fn uoe Hkko esa flag jkf'k gks rks tkrd Lo/keZ dks NksM+ dj ij /keZ viukus okyk] vius /keZz ls ghu] rhFkZ ;k=k djus okyk ,oa fot; jfgr gksrk gSA","If Leo is in the 9th house, the person has a tendency towards changing his religion, visits holy places and is an unsuccessful man."
58,5,10,;fn n'ke Hkko esa flag jkf'k gks rks tkrd jkSnz LoHkko dk] iki&;qDr] foÑr] ijkØeh rFkk fuUnuh; fgald deZ djus okyk gksrk gSA,"If Leo is in the 10th house, the person has an angry disposition, does bad deeds and has a bad and wild character."
59,5,11,";fn ,dkn'k Hkko esa flag jkf'k gks rks tkrd dks fuUnuh; deZ] vusd Hkkafr dh fgalk] O;k;ke rFkk ns'kkUrj dh ;k=kvksa ls ykHk gksrk gSA","If Leo is in the 11th house, the person benefits from bad deeds, does a lot of exercises and travels abroad and has a feral nature."
60,5,12,";fn }kn'k Hkko esa flag jkf'k gks rks tkrd vf/kd reksxq.kh rFkk Lo:Ik ,oa Ñik ls fuUnuh; gksrk gSA mldk /ku jktk vFkok pksj }kjk vig`r dj fy;k tkrk gSA","If Leo is in the 12th house, the person has a base nature and possesses an ugly aura. His wealth is either taken away by the govt. or by thieves."
61,6,1,";fn çFke Hkko esa dU;k jkf'k gks rks tkrd dQ fiÙk çÑfr okyk lq'khy] L=hrqY; LoHkko okyk] L=h o'kh] /kuh] Mjiksd] ek;koh ,oa dke&ihfM+r vaxksa okyk gksrk gSA","If Virgo is in the 1st house, the person has a courteous nature bordering on the nature of females, remains in control of his wife, is rich but afraid and is sexually inclined."
62,6,2,;fn f}rh; Hkko esa dU;k jkf'k gks rks tkrd dks jktk }kjk Lo.kZ] ghjk&eksrh] gkFkh&?kksM+k vkfn dk ykHk gksrk gSA,"If Virgo is in the 2nd house, the person gets the benefit of gold, jewels, elephant or horses from the king/govt."
63,6,3,";fn r`rh; Hkko esa dU;k jkf'k gks rks dU;k jkf'k gks rks tkrd lq'khy] vusdfe=ksa okyk] fe=ksa dh lgk;rk ls /ku lap; djus okyk rFkk czkã.k] nsork ,oa xq: dk HkDr gksrk gSA","If Virgo is in the 3rd house, then the person has a courteous nature has many friends and creates wealth through friends and is a follower of his guru, or pundit or gods."
64,6,4,";fn prqFkZ Hkko esa dU;k jkf'k gks rks tkrd dqfe=ksa dk lkFkh] /ku O;;h] pqxy [kksjksa ds lkFk jgdj lq[k dk vuqHko djus okyk] pksj rFkk ekj.k eksgu vkfn fØ;k,¡ djus ds dkj.k nq%[k ikus okyk gksrk gSA","If Virgo is in the 4th house, the person has evil friends wastes money but finds happiness with backbiters, is a thief and suffers due to his evil ways."
65,6,5,";fn iape Hkko esa dU;k jkf'k gks rks tkrd ds dU;k,¡ vf/kd gksrh rFkk os iq=ghu] ifrozrk] dk;Z&dq'ky] fu""iki rFkk vkHkw""k.k fç; gksrh gSaA","If Virgo is in the 5th house, the person has many daughters, is without a son, loyal towards his spouse. He is good at what he does without any evil and loves jewels."
66,6,6,";fn ""k""B Hkko esa dU;k jkf'k gks rks tkrd dh fdlh ls 'k=qrk ugha gksrh] ijarq nqjkpkfj.kh] uhp vFkok os';kfL=;ksa ds lalxZ esa mldk /ku u""V gksrk gSA","If Virgo is in the 6th house, the person has no enmity with any one but loses money by being in company of prostitutes and evil women."
67,6,7,;fn lIre Hkko esa dU;k jkf'k gks rks tkrd dh iRuh vR;Ur lqanj] dU;k lUrfr okyh] lkSHkkX;orh] Hkksxorh] /kuorh] fç;okfnuh] lR;okfnuh gksrh gSA,"If Virgo is in the 7th house, the person has a beautiful, courteous, lucky, rich, loyal, loveable and a truthful wife."
68,6,8,";fn v""Ve Hkko esa dU;k jkf'k gks rks tkrd dh e`R;q vf/kd Hkksx&foykl ls] viuh euekuh djus ds dkj.k] L=h dh gR;k djus ds dkj.k ,oa fo""ke Hkkstu djus ls gksrh gSA","If Virgo is in the 8th house, the person meets his end by indulging too much in drinks and women, or by murdering his wife or by eating poisonous food."
69,6,9,;fn uoe Hkko esa dU;k jkf'k gks rks tkrd fL=;ksa tSlh /keZ&lsok djus okyk] HkfDr foghu] ik[k.Mh rFkk vU; erkoyEch gksrk gSA,"If Virgo is in the 9th house, the person is not religious, a showoff, selfish and has a nature bordering on the opposite sex."
70,6,10,;fn n'ke Hkko esa dU;k jkf'k gks rks tkrd ew[kksZa ds leku dke djus okyk] L=h rFkk jktk ds lEeq[k viekfur gksus okyk] vYidkeh rFkk lalkj esa /kughu gksrk gSA,"If Virgo is in the 10th house, the person is poor, does stupid works and is reviled by the king and the opposite sex."
71,6,11,";fn ,dkn'k Hkko esa dU;kjkf'k gks rks tkrd dks vusd çdkjksa ls ykHk gksrk gSA og 'kkL= iqjk.kksa ds vH;kl] fou; rFkk foosd ds dkj.k loZK lEeku Hkh ikrk gSA","If Virgo is in the 11th house, the person benefits from various ways. By following scriptures, being courteous and with a simple nature the person is respected all over."
72,6,12,;fn }kn'k Hkko esa dU;k jkf'k gks rks tkrd fL=;ksa ds fy;s] fookgkfn ekaxfyd dk;ksZa ds fy;s vFkok lk/kq laxfr vkfn fofHkUu dk;ksZa esa viuk /ku O;; djrk gSaA,"If Virgo is in the 12th house, the person has a tendency to spend money on religious functions, marriages, on opposite sex and in the company of god men."
73,7,1,tkrd dQ] çÑfr] lR; ijk;.k] jkt ekU;] nsorkvksa dk vkjk/kd rFkk ij L=h çseh gksrk gSA,"The person is of truthful nature, respected by kings, blessed by gods but loves other women."
74,7,2,"tkrd cM+k i.;kRek gksrk gS rFkk çpqj /ku vftZr djrk gSA mls iRFkj] feêh] Ñf""k&lEink ds O;olk; ls cgqr ykHk gksrk gSA","The person is a pure soul and earns  a lot of wealth. He earns a lot by trading in stones, earth and medicines."
75,7,3,tkrd ikih yksxksa ls fe=rk j[kus okyk] papy fpÙk rFkk vius iq=ksa ls Hkh NksVh vk;q okyksa ds lkFk gzkl ifjgkl djus okyk gksrk gSA,"The person has friendships with bad characters, has a happy nature and enjoys humor with very small children."
76,7,4,tkrd ljy&LoHkko dk] 'kqHk deZ djus esa dq'ky] fo|k fouhr] fujUrj lq[kh] çlUufpr rFkk oSHko'kkyh gksrk gSA,"The person has a simple nature, is educated, always happy, influential and a wise man."
77,7,5,tkrd ds iq=kfn lqUnj] lq'khy] dk;Z n{k rFkk lqUnj us=ksa okys gksrs gSA,"The person is blessed with good looking sons, who are courteous and have beautiful eyes and are good at their work."
78,7,6,tkrd /ku dks Hkwfe esa xk<+ dj j[kus okyk rFkk /keZ deZ] lk/kq lsok ;k ijkssidkj esas [kpZ djus okyk gksrk gS ftlds dkj.k vius cU/kq&ck¡/ko gh mlls 'k=qrk ekurs gSaaA,The person has a tendency to bury his wealth and spends it on religious matters or in works of compassion for which he has an enmity towards his relatives and friends.
79,7,7,tkrd dh iRuh xq.k&xfoZrk] iq.;orh] /keZijk;.kk] xq.korh] vusd iq=ksa okyh] {kek'khy rFkk fouhr LoHkko dh gksrh gSA,"The person has a wife who is courteous, religious, possessing good qualities and has a simple nature."
80,7,8,"tkrd dh e`R;q fdlh euq""; ds }kjk vFkok fdlh miokl ds dkj.k jkf= ds le;] 'k=q ds Øks/k ls vFkok  ekufld lUrki ds dkj.k gksrh gSA",The person meets his end at night either by fasting or by his enemies or due to mental tensions.
81,7,9,"tkrd vius ijEijkxr /keZ dk ikyu djuss okyk] lnSo çflf) çkIr djus okyk nso f}tksa dks lUrq""V djus okyk ,oa yksdkuqjkx ds vn~Hkqr /keZ djus okyk gksrk gSA","The person follows a set religion, is always respected and is blessed by god men and gods and does good works for the society."
82,7,10,tkrd cM+k O;olk; djus okyk] /kekZRek] uhfr;qDr] lTtuksa dks fç; rFkk ijkbZ lEifÙk dh vfHko`f) djus okyk gksrk gSA,"The person does a big business, is religious, principled, respected by all and may increase others wealth also."
83,7,11,tkrd vusd çdkj ds O;olk;ksa ls ykHk vftZr djus okyk] lk/kq lsok rFkk Lo;a dh fouezrk ds dkj.k yksd esa ç'kkflr rFkk lq[k Hkkssxus okyk gksrk gSA,"The person benefits from many occupations, is always in the service of god men and due to his courteous nature is respected by one and all and gets all happiness."
84,7,12,"tkrd nsork] czkã.k] cU/kq] osn] Le`fr vkfn esa of.kZr dk;ksZa esa viuk /ku O;; djrk gSA ;e fu;e ikyu rFkk Js""Btuksa dh lsok ds dkj.k mls çflf) dk ykHk gksrk gSA","The person spends money on gods, pundits, scriptures, Vedas and other religious matters. He follows a religious life and earns respect and benefits by serving god men."
85,8,1,;fn çFke Hkko esa o`f'pd jkf'k gks rks tkrd Øks/kh LoHkko dk o`) tSlk fn[kkbZ iM+us okyk] jktekU;] xq.kh] 'kkL=ksa esa :fp j[kus okyk rFkk 'k=qvksa dk enZu djus okyk gksrk gSaA,"If Scorpio is in the 1st house, the person has an angry disposition and looks much older, is respected by the govt. possesses good qualities, is versed in scriptures and destroys his enemies."
86,8,2,tkrd Lo /keZ rRij] fL=;ksa ds lkFk foykl djus okyk] fofp= fouksniw.kZ ckrsa djus okyk rFkk nso&f}t HkDr gksrk gSA,"If Scorpio is in the 2nd house, the person is always ready for religious works, enjoys the company of opposite sex, has a unique sense of humor and is blessed by gods."
87,8,3,"tkrd ikfi;ksa rFkk nfjnzksa ls fe=rk j[kus okyk Ñr/u] dyg&çseh] vO;ofLFkr ,oa yksd&fo#) vkpj.k djus okyk gksrk gSA","The person keeps friendships with poor and bad people who love to quarrel, fights and squabbles and does anti society works."
88,8,4,"tkrd foifÙk;qDr] rh{.k LoHkko dk] nwljksa ls Mjus okyk] vusd yksxksa dk lsod] 'k=qvksa }kjk ?ke.M u""V fd;k gqvk] dk;Z dq'ky rFkk cqf)ghuksa ls nwj jgus okyk gksrk gSA","The person is entangled in problems, of a sharp nature, is afraid of others, is a servant of many and is a licked man. He is good at what he does and remains away from unintelligent people."
89,8,5,"tkrd ds iq= lqUnj] lq'khy] nks""k&jfgr rFkk vius /keZ esa fujUrj rRij jgus okys gksrs gSA","The person has sons who are beautiful, courteous, without any bad qualities and a stickler of religion."
90,8,6,"tkrd dks pqxy[kksjksa] liZ&fcPNq] ljhl`Ik oxZ] O;k?kz rFkk flag vkfn oU; tUrq rFkk pksjksa ls Hk; gksrk gS ,oa lEekfur rFkk foyklh euq"";ksa ls 'k=qrk gksrh gSA","The person is afraid of snakes, snakebites, lions and tigers and thieves and has an enmity towards respected people."
91,8,7,"tkrd vusd fof'k""V dykvksa dk tkudkj] Ñi.k] lqf'kf{krk ç.k;ghuk rFkk vusd çdkj ds nqHkkZX; nks""kksa ls ;qDr gksrh gSA","The person knows some special arts, is an average person, is educated but suffers from problems of bad luck."
92,8,8,"tkrd dh e`R;q jDr fodkj tU; jksx] Ñf""k ns'k vFkok fo""k ç;ksx ls vius LFkku ij gh gksrh gSA","The person meets his end due to blood pressure related ailment, or due to some poison at his residence."
94,8,9,"tkrd ik[k.M/kehZ] f}t nsorkvksa dk vkjk/kd] Dyss'k nk;d rFkk HkfDr foghu gksrs gq, Hkh dHkh&dHkh vU; yksxksa dh lgk;rk iks""k.k vkfn djus okyk gksrk gSA","The person is not religious, a showoff, troublesome but at times may help those in need."
95,8,10,"tkrd nq""Vrk&jfgr] yksdlEer] iq.; deZ djus okyk] xq: rFkk czkã.kksa ds fy;s /ku] [kpZ djus okyk] lkFk gh funZ;rk ,oa vU;k; iw.kZ dke djus okyk Hkh gksrk gSA","The person does pure deeds, spends money on religious works, gives donations but may do cruel and deeds of injustice."
96,8,11,"tkrd Ny] iki] ehBh cksyh rFkk ijkbZ pqxyh (pqxy[kksjh) vkfn nq""deZ djds ykHk ikrk gSA","The person gains by lies, speaking sweetly, backbiting and other bad deeds."
97,8,12,"tkrd dk /ku vusd foMEcukvksa esa nku djus] diVh fe=ksa dh lgk;rk djus o viuh gh nqcqf)] ds dkj.k pksjksa }kjk vf/kdkj dj fy;s tkus esa u""V gksrk gSA","The person’s money is wasted by donations to unjust causes, in helping base friends and loses through his unintelligent deeds or is stolen by thieves."
98,9,1,;fn çFke Hkko esa /kuq jkf'k gks rks tkrd jktk dk fç; dk;Z dq'ky] f}t nsorkvksa dk HkDr] v'okjksg.k fç; o ?kksM+s tSlh tk¡?kksa okyk gksrk gSA tkrd 'kkjhfjd cy lEiUu] HkkX;oku] /kekZRek rFkk bZ'oj HkDr gksrk gSA tkrd dks lqUnj rFkk HkkX;'kkfyuh L=h rFkk mldk lg;ksx çkIr gksrk gSA x`gLFk lq[k ds lkFk gh O;olk; esa Hkh ykHk gksrk gSA,"If Sagittarius is in the 1st house, the person is respected and loved by kings for his work, is blessed by gods, loves horse riding and has thighs like a horse. He is of a healthy body, is lucky, religious and god fearing man. The person gets a beautiful and lucky wife who fully cooperates. The person has a happy family and business life."
99,9,2,"tkrd fLFkj dk;ksZa }kjk xkS] HkSal] xt] v'o vkfn vusd çdkj ds prq""in dk ykHk çkIr djrk gS] fofo/k çdkj ls lEeku ;'k ikrk gS ,oa o'khHkwr oLrqvksa ls /keZiwoZd /kuksiktZu ,oa /ku&laxzg djrk gSA tkrd dks dqN dfBukbZ;ksa esa jgrs gq, Hkh /ku&lap; esa vPNh lQyrk feyrh gSA LokFkZ flf) ds fy, /kekZpj.k Hkh djrk gSA tkrd dks vk;q ,oa iqjkrRo dk ykHk Hkh çkIr gksrk gSA","The person benefits from four-footed animals like cow, buffaloes, elephant or horse and earns respect in a diverse ways and generates money and creates wealth in a lawful religious manner. Though facing some difficulties, the person is able to create wealth. The person is blessed with a long life and gets the benefit of inheritance."
100,9,3,"tkrd ea=h] lwj] jktk dk lsod] ân;d""kZd] /kekZRek] çlUu eq[k] n;kyq rFkk ;q) dq'ky gksrk gSA tkrd bZ'oj ij Hkjkslk j[krs gq, vius iq:""kkFkZ }kjk HkkX; mUufr djrk gSA","The person is a servant of the king, has a good heart, a smiling face, compassionate and brave trained in the art of fighting. The person believes in god and is able to shine his luck through hard work."
101,9,4,"tkrd ;q) dk;Z ,oa ;q) fpark djus okyk] ?kksM+ksa dh lsok djus okyk rFkk vius ç;Ruksa ls lq[k ikus okyk gksrk gSA tkrd dks Hkwfe] Hkou vkfn dk ykHk gksrk gSA /keZ esa vkLFkk j[kus okyk] O;olk; ds {ks= esa ykHk ikus okyk] /kuh ;'kLoh rFkk lq[kh gksrk gSA","The person is worried about warfare and war related works, serves horses and earns happiness through his hard work. The person gets benefits from land and house. The person believes in god and benefits from occupation, is rich and influential."
102,9,5,"tkrd ;q) dk;Z ,oa ;q) fpark djus okyk] ?kksM+ksa dh lsok djus okyk rFkk vius ç;Ruksa ls lq[k ikus okyk gksrk gSA tkrd dks Hkwfe] Hkou vkfn dk ykHk gksrk gSA /keZ esa vkLFkk j[kus okyk] O;olk; ds {ks= esa ykHk ikus okyk] /kuh ;'kLoh rFkk lq[kh gksrk gSA","The person is worried about warfare and war related works, serves horses and earns happiness through his hard work. The person gets benefits from land and house. The person believes in god and benefits from occupation, is rich and influential."
103,9,6,"tkrd dh 'kkL=/kkfj;ksa] jkfx;ksa] ?kksM+k&gkFkh rFkk iq.;kRek yksxksa ls 'k=qrk gksrh gSA vki 'k=q Ik{k ij çHkkoh cus jgrs gSA HkkX; mUufr çkIr djrk gSA /keZikyu esa fo'ks""k :fPk ugha gksrh] [kpZ vf/kd cuk jgrk gSA ckgjh LFkkuksa ls ykHk gksus dh lEHkkouk cuh jgrh gSA","The person is anti towards those carrying arms, horse, elephant and good souls. He is able to overcome opposition. His luck shines. Is not interested in matters of religion and spends a lot. Gains from external places."
104,9,7,"tkrd dk thou lkFkh cqjs fopkj okyk] mí.M] Øks/kh LoHkko dk] LokfHkekuh] Hkwfe Hkou dk Lokeh] okd~ pkrq;Z esa fuiq.k] LoLFk 'kjhj dk] ns[kus esa lqUnj ,oa rhoz cqf) okyk gksrk gSA","The persons spouse may have bad thoughts, is of angry disposition, wild, with lots of self respect, owner of land, house, of intelligent speech, healthy and beautiful body and of sharp intelligence."
105,9,8,"tkrd g""V&iq""V] vf/kd vkRecy okyk] /kuh] vk;q ,oa iqjkrRo dk ykHk djus okyk] 'k=qvksa ij fot; ikus okyk] vkuUne; thou O;rhr djus okyk] gB /kehZ] firk dh lsok djus okyk] jkT; ,oa O;olk; ds {ks= esa mUufr djus okyk] isV fodkjksa ls ;qDr jgrk gSA","The person is healthy, has a strong will power, is rich, gains from inheritance, overcomes all opposition, has a happy life is head strong, serves his father, gains from the govt. and business and has stomach related ailments."
106,9,9,"tkrd f}t nsorkvksa dk iwtd] LosPNkuqdwy 'kkL=h; /keZ dk ikyu djus okyk] çfl) /kekZRek] HkkX;oku ,oa vius dqy esa Js""B gksrk gSA vYi ifjJe ls vf/kd ykHk çkIr djus okyk xq: tuksa dks vknj djus okyk] vf/kd Øks/k djus okyk] jDr o.kZ dk] fL=;ksa dk fç; gksrk gSA","The person is blessed by gods, follows a religious life, is a well-known compassionate soul, lucky who is considered the best in the family. He is able to gain a lot by little bit of hard work and respects his guru. He gets angry a lot, is liked by the opposite sex."
107,9,10,"tkrd lHkh dk;ksZa esa dq'ky] fuR; ykHk dekus okyk] ijksidkjh] jktk dk dke djus okyk ,oa Hkwfe rFkk ;'k ls lEiUu gksrk gSA 'kkUr LoHkko dk] xkSj o.kZ] dbZ dk;ksZa dks cnyus okyk] papyeu dh ço`fÙk dk] iRuh lqUnj ,oa lq'khy gksrh gSA lUrku Ik{k ls lq[kh gksus okyk gksrk gSA","The person is well qualified in all aspects and benefits daily, is compassionate, is a servant of the king and owns land and is respected. The person has a peaceful nature, is fair complexioned, changes jobs many times and has a beautiful and courteous wife. He gets happiness in the area of progeny."
108,9,11,"tkrd jktk ds lkFk foykl djus okyk gksrk gSA og lTtuksa dh lsok vFkok vius iq:""kkFkZ ds cyij fo'ks""k ykHk ikrk gSA rst ok.kh okyk] ifjJeh] 'k=qvksa ij 'kh?kz fot; ikus okyk] e/kqj ok.kh cksyus okyk] fons'k Hkze.k djus okyk gksrk gSa A","The person enjoys with the kings. He gains especially by serving good souls and by working hard. He has a sharp speech, is hard working, overcomes opposition, is soft spoken and travels abroad."
109,9,12,"tkrd dk /ku ikih yksxksa dh laxfr esa iM+ dj nwljksa dks Bxus esa] ltkrh; vf/kdkfj;ksa dh lsok esa Ñf""k&deZ esa rFkk ijk/khu cus jgus esa gksrk gSA fons'k Hkze.k djus okyk] lq[kh thou O;rhr djus okyk] lekt esa lEeku ikusokyk] fo|k ,oa cqf) ls Js""B gksrk gSA","The person loses money by being in the company of bad characters, or in serving govt. officials or by being a servant to others. The person travels abroad, spends a happy life, is respected in the society and has a good education and health."
110,10,1,;fn çFke Hkko esa edj jkf'k gks rks tkrd ty çseh] vR;ar rhoz LoHkko dk] dk;j] ikikpkjh] /kwÙkZ] dQ&okr ihfM+r vaxksa okyk] yEcs 'kjhj dk rFkk nwljksa dks Bxus okyk gksrk gSA,"If Capricorn is in the 1st house, the person loves water, has an extremely sharp nature, is a coward, a liar, does bad deeds, is tall and is a con man."
111,10,2,"tkrd vusd çdkj ds çiapksa] mik;ksa] lsok] jktk dk vuqxzg (Ñf""k deZ rFkk fons'k ;k=k vkfn ls /kuksiktZu djus okyk gksrk gSA","The person is able to earn money by following many schemes, serving king/govt. and travels abroad."
112,10,3,tkrd lnSo çlUu jgus okyk] iq=oku~] fuR; fe=ksa] nsork rFkk Xkq:tuksa dh HkfDr djus okyk] egk/kuh rFkk ije fo}ku gksrk gSA,"The person remains happy always, has sons and friends and is blessed by gods and god men, is extremely rich and very intelligent and wise."
113,10,4,"tkrd lq[kh jgrk gSA og ty&ØhM+k] ou&Hkze.k] fe=ksipkj ,oa lqjr&fØ;k vkfn ls lq[k çkIr djrk gSA","The person remains happy. He derives happiness from water sports, visiting forests, and by being with friends."
114,10,5,"tkrd ds iq= iki&o`f)] dq:Ik] uiqald] nq""V LoHkko ds çHkkoghu] fu""Bqj rFkk çse&fooftZr gksrs gSaA","The person has sons who are evil, ugly, and impotent, have a bad nature, and are cruel."
115,10,6,"tkrd dh /ku ds dkj.k vius gh fgrs""kh yksxksa ls 'k=qrk gksrh gSA dHkh fdlh lTtu euq""; dh lgk;rk djus ds dkj.k Hkh ?kj ds yksx mlds 'k=q cu tkrs gSaA",The person has enmities with his well-wishers due to money. If he extends monetary help to someone his family goes against him.
116,10,7,"tkrd dh iRuh ?ke.Mh rFkk uhp LoHkko dh fuyZTt] yksfHku] Øwj] nq""V&LoHkko dh ,oa nq%f[krk gksrh gSA","The person’s wife is an egoist, of base nature, cruel, has a bad nature and does shameful acts and remains unhappy."
117,10,8,"tkrd fo}ku~] ekuh] xq.kh] dkeh] 'kwj&ohj] fo'kky o{k%Lfky okyk] 'kkL=kFkZ dk Kkrk ,oa lHkh dykvksa esa n{k gksrk gSA","The person is wise, having good qualities, brave, courageous, knows scriptures and is trained in all arts."
118,10,9,tkrd ijk;s /keZ dk vkJ; ysdj vFkok /keZghu cu dj çrkih curk gS] ijarq ckn esa fojDr gksdj Ik'pkÙkki djrk rFkk lnSo vius gh /keZ dk Ik{k ysrk gSA,The person becomes influential by taking shelter in other religion but comes back to his own religion.
119,10,10,"mxzçrkih] deZç/kku] cM+k funZ;] cU/kqtuksa lfgr /keZ ghu rFkk nq""V yksxksa dk fç; gksrk gSA","Has a violent nature, very cruel, is well liked by cruel and bad characters."
120,10,11,tkrd ty;ku }kjk fons'k okl }kjk vFkok jktk dh lsok }kjk /ku ykHk ikrk gS rFkk 'kh?kz gh mls [kpZ Hkh dj nsrk gSA,"The person earns riches through water travels, by staying abroad or in the service of the king and spends it also."
121,10,12,"tkrd dk /ku fHkUu oLrqvksa ds Hkkstu rFkk vius oxZ ds euq"";ksa ds lRdkj esa [kpZ gksrk gSA ,slk tkrd FkksM+h [ksrh okyk rFkk /ku ghu ,oa yksd fufUnr gksrk gSA",The person spends his money on various foods and in treating his guests. Such a person has limited agriculture has no money and is reviled by all.
122,11,1,";fn çFke Hkko esa dqEHk jkf'k gks rks tkrd fLFkj LoHkko dk okr çÑfr okyk] tyØhM+k çseh] NksVs 'kjhj dk] fL=;ksa dks fç;] f'k""Vkpkj çoh.k rFkk yksdfç; gksrk gSA","If Aquarius is in the 1st house, the person has a simple nature, loves water sports, of a small body, loved by the opposite sex, very well mannered and is liked by all."
123,11,2,tkrd Qy&Qwy rFkk tyksRiUu oLrqvksa /kuksiktZu djus okyk] lk/kq larksa dks Hkkstu djkus okyk rFkk ijksidkjh gksrk gSA,The person earns money through fruits or flowers and feeds god men and is compassionate.
124,11,3,"tkrd ozrh] ea=K] ;'kLoh] {kek'khy] lR; ikyd] lq'khy] laxhr&fç; rFkk nq""Vtuksa ls Hkh eS=h j[kus okyk gksrk gSA","The person is of a forgiving nature, is truthful, courteous, loves music and even has friendships with his enemies."
125,11,4,"tkrd] fL=;ksa ds }kjk lq[k çkIr djrk gSA og fe""BkUu] iku] Qy] 'kkd] Ik= rFkk mRlkg o)Zd okD;ksa dh prqjrk ls lq[kh cuk jgrk gSA","The person derives happiness from the opposite sex. He enjoys sweets, paan, fruits, vegetables and cleverness in speech."
126,11,5,"tkrd ds iq=] fLFkj LoHkko ds] xaHkhj ps""Vk okys] lR;;qDr] lqçfl)] d""V lfg"".kq o iq.;&;'kLoh gksrs gSA","The sons of this person are serious minded, of simple nature, truthful, very famous and respected individuals."
127,11,6,tkrd dh jktk o cM+s yksxksa ls 'k=qrk gksrh gS rFkk unh&rkykc vkfn ls Hk; çkIr gksrk gSA,"The person has enmities with the king and others and is afraid of water, river and pond."
128,11,7,"tkrd dh iRuh nq""V LoHkko dh gksrh gS rFkkfi nsork rFkk czkã.kkssa dh lsok djus okyh] lnSo] çlUu jgus okyh] /kekZRek lR;okfnuh ,oa n;kyq gksrh gSA","The persons’ wife has a cruel disposition but serves pundits, and always remain happy, is religious and truthful."
129,11,8,"tkrd dh lEifÙk vfXu }kjk u""V gksrh gS ,oa vusd çdkj ds o.kZ] okr&fodkj vFkok vf/kd ifjJe ds dkj.k vFkok ijk;s ?kj esa mldh e`R;q gksrh gSA",The persons’ wealth is lost due to fire and ultimately meets his end due to hard work or various diseases at somebody else’s house.
130,11,9,tkrd /kekZRek] nsorkvksa dk iwtd rFkk o`{kkjksi.k] ckx&cxhpk] rkykc&ckoM+h vkfn dk fuekZ.k djkus okyk gksrk gSA,"The person is religious and god-fearing man who gets ponds, gardens etc. built or repaired."
131,11,10,tkrd deZ&dq'ky] nwljksa dks Bxus okyk] ik[k.Mh] yksHkh gksus ds dkj.k vU; yksxksa ds fy;s fo'okl u djus ;ksX; rFkk tu fojks/kh vkpj.k djus okyk gksrk gSA,"The person is a con man who is religious, a show off and is not trusted by the society."
132,11,11,tkrd dqdeZ] R;kx] /kS;Z] ijkØe rFkk fo|k ds çHkko ls ykHk çkIr djrk gSA,"The person gains from bad deeds, courage, influence and education."
133,11,12,"tkrd dk /ku nsork] czkã.k ,oa riLoh tuksa dh lsok esa [kpZ gksrk gSA","The person spends on serving gods, god men and pundits."
134,12,1,;fn çFke Hkko esa ehu jkf'k gks rks tkrd] ty ØhM+k çseh] lqjr&fç;] if.Mr] fouhr] NksVs dn okyk] çp.M LoHkko dk] fiÙkkf/kd&çÑfr okyk rFkk dhfrZoku gksrk gSA,"If Pisces is in the 1st house, the person likes water sports, is of small frame, has a fiery temper, is influential and courteous."
135,12,2,tkrd ozr miokl dh fo|k vkfn dk çHkko] Hkwfexr /ku dh [kkst rFkk ekrk&firk }kjk mikftZr /ku dk ykHk ikrk gSA,"The person gains from fasting, education, hidden wealth and also wealth of his parents."
136,12,3,tkrd /kuh] iq=oku~] iq.;kRek] vfrfFk lsok rFkk lcdk fç; gksrk gSA,"The person is rich, has sons, is a good, pure soul and loved by everyone."
137,12,4,"tkrd lnSo lq[kh jgrk gSA og ty ds vkJ; ls ,oa nsorkvksa dh Ñik ls /khjs&/khjs pyus okyk rFkk oL= ,oa vusd çdkj ds ,s'o;Z çkIr djus okyk gksrk gSA","The person remains happy always. He finds happiness from water, gods and earns various types of wealth."
138,12,5,tkrd ds iq= lqUnj] Lo;a esa vuqjDr vFkkZr~ fir`&HkDr gksrs gS] ijarq ;fn ehu jkf'k iape Hkko esa dksbZ iki&x`g cSBk gks rks os lnSo jksxh] dq:Ik rFkk L=h ;qDr gksrs gSA,"The persons sons are good looking and respect their father but if Pisces is in the 5th plane, then the sons are ugly, and diseased."
139,12,6,"tkrd dh vius LokFkZo'k vius gh iq=ksa] L=h rFkk vU; fgrS""kh yksxksa ls 'k=qrk gksrh gSA","The person due to his selfish interests goes against his wife, sons and friends."
140,12,7,tkrd dh iRuh fodkj;qDr] ifr ls fHkUu er j[kus okyh] dqfRlr iq=ksa okyh] vius /keZ dk ikyu djus okyh] çse&foghuk rFkk lnSo /ku yksyqi gksrh gSA,"The person’s wife suffers, is at loggerheads with her husband, has bad sons, though follows her religion but is very money minded."
141,12,8,tkrd dh e`R;q vfrlkj vFkok fiÙk&Toj ls] ty ds dkj.k] jDr&çdksi ls vFkok 'kL=k?kkr ds }kjk gksrh gSA,"The person may meet his end due to jaundice, blood pressure or any armed attack."
142,12,9,"tkrd /kekZfJr jg dj fofo/k çdkj ds /kkfeZd ÑR; djus okyk ,oa lTtuksa dh lsok ds fy;s ckx&cxhpk] rkykc vkfn cuokus okyk] rhFkZ djus okyk rFkk vusd çdkj ls lq[kh gksrk gSA","The person follows a religious regimen and does many religious works, gets ponds, gardens repaired built, visitor of holy places and is happy from all sides."
143,12,10,"tkrd dqy] ijEijk ds ,oa /keZ xq:vksa }kjk funsf'kZr dk;ksZa dks djus okyk] fLFkjfpÙk] vknj.kh; o vusd çdkjksa ls czkã.kksa dk lEeku djus okyk gksrk gSA","The person follows family traditions or his guru has a simple mind, is respected and respects pundits."
144,12,11,tkrd vusd çdkjksa ls] jktk }kjk çnÙk lEeku ls] fofp= okD;ksa ls rFkk fou; ls fuR; ykHk ikrk gSA,The person benefits daily from the king by unique ways of speech.
145,12,12,tkrd dk /ku ukSdk vkfn tyiku cuokus esa eqdnek vkfn fooknksa esa rFkk fons'k ;k=k esa [kpZ gksrk gSA,"The person spends his money on water travels, travels to foreign lands or in court cases."
