"ID","Hindi","English"
XBBA:,"bl vof/k esa thou ds izfr vkidk /kukRed n`f""Vdks.k jgsxk vkSj vki esa t:jr ls vf/kd vkRefo'okl jgsxkA lkoZtfud {ks= ;k ljdkj esa vki dksbZ egRoiw.kZ in laHkkysaxs ;k lRrk izkIr djsaxsA NksVh vof/k dh ;k=k,a djsaxs tks vkidh dM+h esgur ds dkj.k lQynk;d gksaxhA lkekftd laLFkkuksa dks vki [kqydj nku nsaxsA LokLF; cqjk jg ldrk gS rFkk ifjokj esa Hkh chekfj;ka QSy ldrh gSaA",During this period you will have a positive attitude towards life and will be over confident. You will continue to wield power and authority either in government or publiclife. Short distance journeys are indicated which will bearfruits due to your hard work. You will spend freely onsocial and charitable institutions. You may suffer from ill health and there may be sickness in the family.
XBCA:,"?kjsyq thou lq[kn ugha jgsxk rFkk ml ij cgqr /;ku nsuk iM+sxkA ;|fi vkidh 'kkjhfjd ruko vkSj cks> lgus dh vPNh {kerk gS ysfdu ifjokj ds >a>Vksa ds dkj.k {kerk ls vf/kd d""V Hkksxuk iM+ ldrk gSA Hkkjh vkfFkZd gkfu;ka gksaxh vkSj lEirh dk {k; gksxkA /ku laca/kh ekeyksa esa dkQh lpsr jgus dh vko';drk gSA vka[kksa vkSj eqag dh chekjh ls xzflr gks ldrs gSaA","Domestic life will not be smooth and will require more attention and care. Although you may be capable of bearing much physical stress and strain, it will be difficult to cope with family matters. There may be heavy financial losses and loss of property. Care should be taken in money matters. You might suffer from diseases of the mouth and the eyes."
XBDA:,"?kjsyq thou esa vki lq[kh jgsaxs vkSj cgq izrhf{kr bPNkvksa dh laiwfrZ gksxhA bl vof/k esa vki cgqr Hkze.k djsaxsA NksVh ;k=k,a HkkX;'kkyh fl) gksaxh vkSj lq[kn jgsaxhA /ku ykHk ds lekpkj izkIr djsaxsA ikfjokfjd fe=ksa vkSj fj'rsnkjksa ls lkekftd laca/k vkSj vPNs gksaxsA bl dky esa LokLF; Hkh vPNk jgsxkA ",This period will relieve you of your tensions and anxiety. On the domestic front you will be happy and your long cherished desires will be fulfilled. You will travel a lot at this time.Short distance travels will bring luck and will be fruitful and pleasant. You may receive good news about benefits or monetary gains. You are likely to socialise with family friends and relatives. Good health is indicated during this time.
XBEA:,"bl vof/k esa vkidks esgur djuh iM+sxh tks vki dj ugha ik;saxsA yxkrkj fd;k x;k dM+k ifjJe Fkdk Hkh 'kh?kz nsxk vkSj dk;Z {kerk Hkh de gks tk;sxhA cqjs dk;ksZa esa izo`rh jgus dh vkidh ps""Vk jgsxhA eka cki dk cqjk LokLF; fpUrkxzLr j[ksxkA dkj ;k dksbZokgu cgqr rsth ls u pyk,aA ",You may have to work hard during this period but will be unable to do so. Continuous hard work will tire you easily hindering your capacity to work. There will be atendency to do bad deeds. You may be engaged in unscruplous activities. Ill health of parents may cause worries. Do not be rash while driving.
XBFA:,bl vof/k esa vki thou dk cM+s mRlkg vkSj mYykl ls Lokxr djsaxs iz.k; izse laca/kksa ds fy;s ;g le; Js;Ldj ugha gSA cgqr vf/kd lksp fopkj gkfudj gks ldrk gS blfy;s blls vki cpsaA vpkud ;k=k dh laHkkouk Hkh gks ldrh gSA ,You will look forward to life with a great deal of zeal and enthusiasm during this time. At the same time you will be bold and courageous but violent in temper. This period is unfavourable for love and romance. Contemplation may cause losses hence it must be avoided. Children may suffer from diseases or ill health. There might be a possibility of sudden travel.
XBGA:,"bl vof/k esa vki tks Hkh djsaxs mlesa lQy jgasxsaA lkjh leL;kvksa dk lek/kku gksrk jgsxk vkSj vki lQyrk ik;saxsA 'k=qvksa dks ijkftr dj nsaxs vkSj og vkidks uqdlku ugha igqapk ik;saxsA vkidk dke lQy gksxk vkSj ukSdjh djus ds gkykrksa esa lq/kkj Hkh gksxkA izfr""Bk ,oe~ in o`f) dh laHkkouk gSA vkidks ekU;rk feysxh vkSj inksUufr HkhA lEeku ,oe~ lk[k Hkh izkIr djsaxsA lHkh fglkc ls ;g ,d lQynk;d le; jgsxkA",Success will be yours in whatever you undertake during this period. All your feats and endeavours will meet with success and you will be able to overcome your difficulties.You will defeat your enemies and they will not be able to harm you. Your work will achieve success and service conditions will improve. There may be a rise in status and position. Promotion and recognition will come your way. You will gain respect and good will. On the whole this is a successful period.
XBHA:,";g ,d dfBu dky fl) gksxkA dM+h esgur dk vPNk Qy ugha feysxkA O;olkf;d ;k O;kikj ds lkFkh uqdlku djsaxs vkSj vkids fy;s leL;k;sa iSnk dj nsaxsA ?kjsyq >a>Vksa esa vius fetkt ij dkcw j[ksa vU;Fkk vizhfrdj fLFkfr;ka >syuh iM+ ldrha gSaA vki Hkh ekufld :i ls rukoxzLr vkSj chekj jg ldrs gSaA ","This will be a difficult period. You will not enjoy fruits of hard work and may be deprived from good results.Your business associates may cause harm and create hassels for you. Keep your bad temper in check to save yourself from getting into embarrassing situations on the domestic scene.You might be tense due to ill health of your spouse. You too, may suffer sickness and mental tension."
XBIA:,vpkud leL;k;sa [kM+h gks ldrha gSaA lacaf/k;ksa ls O;ogkj vPNk j[ksa ugha rks csotg >xM+s gksaxsA LokLF; dk [;ky j[ksaA yEch vof/k ds fy;s chekj jgus dh vk'kadk jgsxhA vuSfrd dk;ksZa esa izo`rh u gksbZ;s rFkk lUnsgkLin lkSnksa ls cpsaA egRoiw.kZ dkxtksa ij nLr[kr djus ls igys dkxt vPNh rjg i<saA ,There may be unexpected problems. Maintain cordial relations with relatives otherwise you may end up quarreling with them. Keep a watch on your health. There is a possibility of prolonged illness. Do not indulge in immoral deeds. Under hand dealings must be avoided. Go through important documents in detail before putting your signature on them. Business matters must be dealt with after ascertaining all the facts.
XBJA:,"bl vof/k esa feys tqys Qy feysaxsA yEch ;k=k,a lQy ugha gksaxh u lQynk;d gh fl) gksxhA mPp in izfr""Bk izkIr yksxksa ls HksaV gksxh vkSj mudh d`ik jgsxhA ekrk firk chekj jg ldrs gSaA /kkfeZd :i ls egRoiw.kZ LFkyksa dk Hkze.k djsaxsA lk[k vPNh jgus ls dke Hkh [kwc feysxkA :i;s iSls ds fygkt ls Hkh ;g le; vPNk gSA ",During this period you will have mixed results. Long distance travels will not only be safe but fruitful. You will meet men of status and position and gain their favour.Your parents may suffer from ill health. You might visit places of religious importance. There will be an increase in the work load due to rise in good will. It is a favourable period as far as money matters are concerned.
XBKA:,"bl vof/k esa vki cgqr fdz;k'khy ,oe~ O;Lr jgsaxsA O;kikj ;k ukSdjh esa lQyrk izkIr djsaxs vkSj vius ofj""B vf/kdkfj;ksa ds d`ikHkktu jgsaxsA ;g le; vkidh deZBrk dk le; flO) gksxkA O;kikj ds dkj.k lQynk;d ;k=k,a djsaxsA lc fygkt ls ;g le; dkQh larks""kizn fl) gksxkA bl le; esa vki viuh lkjh vkfFkZd leL;kvksa ls NqVdkjk ik tk;saxsA",You will be very active and busy during this time. You may gain a lot of success in business/job you will earn favour of your senior officers and authorities. It will bean action oriented period for you. You will undertake journeys in connection with your business which will be very rewarding and fruitful. On the whole this period is very satisfactory. You will be relieved of all your financial worries during this period.
XBLA:,"vkidh bPNk,a o egRokdka{kk;sa iwjh gkasxhA fe=ksa vkSj fj'rsnkjksa ls lgk;rk ik;saxsA bl le; ds lkSns lQynk;d fl) gksaxsA vuqcU/kksa vkSj le>kSrksa ls vkidks izpqj ykHk feysxkA izse ,oe~ iz.k; laca/kksa ds fy;s Hkh ;g ,d Js""B le; gSA vkenuh esa vPNh [kklh o`f) gksxhA yEch ;k=k,a lq[kn o lQynk;d fl) gksxhA ",Your desires and ambitions will be fulfilled. You will receive great help from friends and relatives. This is the time to enter into deals that will work out in your favour.You may get huge profits from your contracts and agreements.For love and romance this is a favourable period. A marked increase in your income is indicated. Long distance travels will be successful and fruitful.
XBMA:,vki {kf.kd mUekn esa dksbZ dke u djsaA fu.kZ; ysus ls igys iwjk lksp fopkj djsaA xyr fu.kZ; ds dkj.k vkidk uqdlku Hkh gks ldrk gSA vki O;FkZO;; Hkh djsaxsA O;kikj ls lacaf/kr dksbZ cqjh [kcj fey ldrh gSA Hkkjh gkfu gksus dh laHkkouk gSA LokLF; dk iwjk /;ku j[ksaA fe=ksa vkSj fj'rsnkjksa ls laca/k e/kqj j[ksa vU;Fkk vkil esa pko iSnk gks ldrk gSA lV~Vsckth ls cpsa vU;Fkk vkfFkZd gkfu mBkuh iM+ ldrh gSA ,Do not be impulsive. Take time over your decisions.You may suffer on account of wrong decisions. You will indulge in unnecessary expenses. There may be some bad news regarding business. Heavy losses are indicated. Care must betaken regarding health. Maintain good relations with friendsor relatives as there is possibility of straining relations with them. Speculations must be avoided or else they may cause financial losses.
XCBA:,"bl vof/k esa Hkh feys tqys Qy feysaxsA dbZ vPNs volj feysaxs ij vki mudk iwjk mi;ksx ugha dj ik;saxsA LokLF; ds dkj.k ijs'kku jgsaxsA fe=] ifjokj vkSj lg;ksfx;ksa ds lkFk crkZo esa lrZd jgsaA ;k=k,a lQynk;d ugha gksaxh blfy;s muls cpsaA eka cki dk :X.k LokLF; fpUrkxzLr j[ksxkA","You will get mixed results in this period. There would be a lot of oppurtunity coming your way but you may not be able to utilise them. Health problem may also disturb you. Be careful while dealing with friends, relatives or associates.Travel may be fruitless and therefore should be avoided. Ill health of father or mother may also cause anxiety."
XCCA:,vki csgn izlUu jgsaxsA bl vof/k esa vkfFkZd ykHk izkIr gksaxsA ifjokj esa esy tksy jgsxk vkSj vkReh;ksa ds lkFk [kwc lekxe jgsxkA fe= vkSj lg;ksxh dkQh lgk;d fl) gksaxsA ;k=k lQynk;d fl) gksxhA bl le; dk ftruk lnqi;ksx djsaxs mruk gh vPNk jgsxkA ,You will be extremely happy. During this period monetary gains are clearly indicated. There will be a lot of get together with family and relatives. Your friends and associates will be of great help. Journey will be fruitful.Try to make the best use of this time.
XCDA:,bl vof/k esa vkidk vkRe fo'okl c<+k p<+k jgsxkA HkkbZ cfgu Hkh [kq'kgky jgsaxsA eka cki ls laca/k cgqr vPNs jgsaxsA vxj ukSdjh djrs gSa rks inksUufr dh laHkkouk gSA LFkku ifjorZu ;k O;olk; esa cnyko dh Hkh laHkkouk gSA ,Your confidence will be par excellence. Your brothers and sisters will also flourish. You might get good news through communication. Sudden travel will also bring good luck. There are chances of getting a promotion if employed.The change of place or profession is not ruled out.
XCEA:,;g cgqr vPNk le; gSA vki lq[kh vkSj foykliw.kZ thou O;rhr djsaxsA foykl lkexzh ij Hkh [kpZ djsaxsA eka cki ls laca/k cgqr e/kqj jgsaxsA vxj ukSdjh djrs gSa rks inksUufr izkIr djsaxsA 'k=qvksa ij fot; ik;saxsA vkenuh esa dkQh btkQk gksxkA ,This is a very good period. You will be comfortable and may spend on luxurious items. Your relationships with parents will be very cordial. There are chances of getting promotion if working. You will overcome your enemies. There will be a rise in income.
XCFA:,";g og le; gS tc vkidh ;kstuk,a lQyhHkwr gksaxhA viuh l`tukRed cqf) ds dkj.k vki lQy gksaxsA iz.k; ,oe~ izse laca/kksa ds fygkt ls Hkh ;g vPNk le; gSA vkidh lkjh t:jrsa iw.kZ djus ds fy;s fe= rRij jgsaxsA vkids ys[ku dh yksx ljkguk djsaxsA ",Now is the time when your plans will materialise. You will be successful due to your creative intelligence. This is a favourable time for love and romance. Your friends will offer whatever assistance you need. If you or your spouse is expecting then safe delivery is also indicated. Your written work will be appreciated by others.
XCGA:,bl vof/k esa fd;s m|eksa esa lQyrk ugha feysxhA 'k=q vkidh Nfo fcxkM+us dk iz;Ru djsaxsA ukSdjh ds gkykr Hkh cnrj gksrs tk;saxsA LokLF; laca/kh leL;k;sa Hkh ekufld 'kkafr Hkax djsxhA tYnckth ;k gM+cM+h ls dke djus dh izo`fr ij fu;a=.k j[ksaA ifjokj ds fdlh lnL; dh chekjh ds dkj.k fpafrr jg ldrs gSaA ,Ventures that you may undertake during this time period may not bear any fruit. Your enemies will try to tarnish your image. Service conditions may also deteriorate. Health problems will disturb your peace of mind. Rashness should be checked. Family members health may cause anxiety.
XCHA:,"bl vof/k esa vkidks lEirh feyus dh laHkkouk gSA ikfjokfjd thou Hkh larks""kizn jgsxkA Hkkxhnkjksa ;k lg;ksfx;ksa dh laxfr ls ykHk izkfIr dh laHkkouk gSA fuR; ppkZ esa dkQh O;Lr jgsaxsA lqnwj LFkyksa ;k fons'k ls vPNh [kcj feysxhA LokLF; ds ckjs esa lpsr jgsaA ","During this period, acquisition of wealth is indicated. Family life will be quite satisfactory. There are chances of getting benefits from the associates/partners.You will be very busy in your day to day pursuits. A goodnews from abroad or far off places is possible. Be careful of your health."
XCIA:,vius iz;Ruksa esa vkidks fujk'kk feysxhA LokLF; laca/kh ijs'kkfu;ka Hkh jgsaxhA vius vkidks fdlh cM+s m|e ls lECnhr u dhft;sA ;g tksf[ke ysus dk le; ugha gSA ifjokj ds fdlh lnL; ds LokLF; ds ckjs esa fpfUrr jg ldrs gSaA Qkyrq dh ;k=kvksa ls cpsaA ,You might face failures in your attempts. Health problems will also be there. Do not involve yourself in any big or new venture. This is not a good time to take risks.Family member's health will create tension. Unfruitful journies should be avoided.
XCJA:,"fo}ku ,oe~ i<+s fy[ks yksxksa ls lEeku o izfr""Bk izkIr djsaxsA fonsf'k;ksa ls laca/k lQynk;d jgsaxsA yEch ;k=kvksa dh Hkh laHkkouk gSA /kkfeZd d`R; djus dh izo`fr jgsxhA lq[kh thou fcrk;saxsA eka cki ls laca/k vfr e/kqj jgsaxsA ",You will enjoy respect and honour from learned people.Your fame will increase. Contacts with foreigners will be fruitful. Long distance travel is also indicated. You will be inclined towards religious deeds. You will also enjoy a good life. Your relationship with parents will be very good.
XCKA:,"vki vius gh fopkjksa vkSj ;kstukvksa dks jpukRed :i ns ldsaxsA ukSdjh ;k O;kikj ls lacaf/kr dqN Bksl ifj.kke lkeus vk;saxsA vkidks lkjs gh m|eksa esa lQyrk fupr gSA vius ls ofj""B yksxksa ;k i;Zos{kdksa ds lkFk vfr e/kqj laca/k jgsaxsA bl le; dk iwjk lnqi;ksx dhft;sA ",You will be able to convert your ideas and plans into constructive form. Some solid results regarding your business or job shall be there. Your success in all ventures is almost definately assured. You will enjoy very good relations with seniors and supervisors. Make the best use of this time.
XCLA:,vkids fe= vkSj lg;ksxh vkidh lgk;rk djsaxsA bl vof/k esa vkidh egRokdka{kk vkSj bPNkvksa dh iwfrZ gksxhA fdlh ykHkizn lkSns ls vki lEcaf/kr jgsaxsA yEch ;k=kvksa dh izcy laHkkouk gSA lHkh fygkt ls ifj.kke cgqr vPNs jgsaxsA,"Yours friends and associates will support you. During this period, your hopes and ambitions will be realised. You might enter into some profitable deals. Long distance travel is strongly indicated. You will be quite popular amongst the opposite sex. Over all results will be par excellence."
XCMA:,"vHkh vki cgqr [kpZ u djsaA O;; ij fu;a=.k j[ksaA LokLF; ds fygkt ls Hkh ;g vPNk le; ugha gSA O;FkZ dh ;k=kvksa ls cpsaA ijkeuksoSkfud ,oe~ xw<+ vuqHkoksa dks izkIr djus ds fy;s vkidk >qdko jgsxkA ok.kh ij fu;a=.k j[ksaA dBksj Hkk""kk ls ijs'kkuh esa iM+ ldrs gSaA lV~Vs ckth ls cpsaA ",Do not over spend now. Try to curb your expenditure. Health wise this is not a good period. Fruitless travels should be avoided. You will be inclined towards occult or para psychological experiences. Don't use harsh speech otherwise you will be in a dilemma. Speculation should be avoided.
XDBA:,bl vof/k esa feys tqys Qy feysaxsA vkidh bPNkvksa ds foijhr ifj.kke gks ldrs gSa blfy;s Qy ds izfr vf/kd mRlkg fn[kkus okyh izo`fr ij fu;a=.k j[ksaA NksVh eksVh chekjh ;k gYdh nq?kZVuk gksus dh laHkkouk Hkh gSA tksf[ke mBkus ;k lV~Vsckth ds fy;s ;g le; Js;Ldj ugha gSA ikfjokfjd >a>Vksa ds dkj.k ekufld 'kkafr Hkax gks ldrh gSA ,"During this period, you will have mixed results. Try to curb the tendency of being over enthusiastic about the results because things may not turn out according to your wishes. Minor health ailment or minor accident is indicated.This is not a favourable time for speculation or taking risks. Family disputes may disturb your peace of mind."
XDCA:,vkfFkZd ykHk ds fy;s ;g le; vPNk ugha gSA ifjokj ds lnL;ksa ds dkj.k ruko iSnk gks ldrs gSaA NksVh NksVh ckrksa ij Hkh >xM+s gks ldrs gSaA ok.kh ij fu;a=.k j[ksa ojuk ijs'kkuh HkqxrsaxsA vokafNr yksxksa ij fuHkZj jguk iM+ ldrk gSA O;kikj esa ?kkVs ;k pksjh ds dkj.k vkfFkZd gkfu gksus dh laHkkouk gSA LokLF; dk /;ku j[ksaA ,This is not a good period for financial gains. Family members will create tension. Dispute over small issues is possible. Don't use harsh words or speech otherwise you will be in trouble. You may have to depend on undesirable people.There is danger of loss of money either in business or due to theft. Take care of your health.
XDDA:,"bl vof/k ds nkSjku vkidh o`rh lkglh jgsxhA ;k=k,a lQynk;d jgsaxhA lapkj ek/;eksa ds 'kqHk lekpkj izkIr djsaxsA vkids fj'rsnkj] [kkl rkSj ij HkkbZ bl vof/k ds nkSjku [kq'kgky jgsaxsA ikfFkZo oLrqvksa dh izkfIr Hkh laHko gSA fojks/kh vkidk lkeuk Hkh ugha dj ik;saxsA iz;Ruksa esa lQyrk lqfuf'pr jgsxhA ","During this period, you will be courageous. Journies undertaken shall be fruitful. You may get good news through communications. Your relatives, specially brothers, will flourish. Acquisition of material things is also indicated.Your opponents will not dare to face you. Success in attempts is assured."
XDEA:,"bl vof/k esa vki ekufld rukoksa vkSj pkoksa ls xzflr jgsaxsA lq[k vpy lEirh] okgu lq[k ,oe~ L=h;ksa rFkk fe=ksa ds lkFk ls oafpr jgsaxsA vkfFkZd :i ls ;g le; vPNk ugha gSA blfy;s O;; Hkh vf/kd gksxkA dqN xqIr xfrfof/k;ksa ds fy;s Hkh [kpZ djuk iM+sxkA vpkud gkfu gksus dh Hkh laHkkouk gSA","During this period, you will suffer due to mental stress and strain. You will be bereft of friends, happiness from women, landed property and conveyances. Financially the period is not good. The expenditure is, however, on the increase. Some expenditure on secret activities is also possible. Sudden loss could also take place."
XDFA:,"vki lko/kku jgsa D;ksafd vkidh foosd cqf) esa gzkl laHkkfor gSA LokLF; ,oe~ ikfjokfjd lnL;ksa ds dkj.k ijs'kkuh iSnk gksxhA lV~Vsckth ls cpsaA dqN ,sls [kpsZ Hkh djus iM+saxs ftuds dkj.k vkids fu;a=.k ls ckgj gksaxsA fe= ,oe~ lg;ksfx;ksa ls fujk'kk ik;saxsA ;k=k ls Fkdku gksxhA ",Be careful as your power of judgement and discrimination may deteriorate. Health of family members will create problems. Speculation should be avoided. Some expenditure is likely to be incurred on affairs outside your control. Friends and associates may disappoint you. Journey will be tiring.
XDGA:,"bl vof/k esa vki dkQh lq[kh jgsaxsA ukSdjh ds gkykr lq/kjsaxsA izpqj ykHk gksus dh laHkkouk gSA ikfjokfjd okrkoj.k Hkh lq[kn jgsxkA vki viuh vM+pusa vkSj ck/kk,a nwj djus vkSj 'k=qvksa dk neu djus ds fy;s ps""Vkjr jgsaxsA dkj bR;kfn pykrs le; lko/kkuh cjrsaA ","During this period, you will be quite happy. Service condition will improve. Substantial gains are also possible. Family atmosphere will also be happy. You will be making strenuous efforts to surmount your obstructions and crush your opponents. Be careful while driving."
XDHA:,"fuR; ppkZ esa ijs'kkfu;ksa dk lkeuk djuk iM+sxkA 'k=q Nfo fcxkM+us dk iz;Ru djsaxsA lg;ksfx;ksa rFkk Hkkxhnkjksa ls fookn gksus dh laHkkouk gSA ikfjokfjd thou Hkh lq[kn ugha jgsxkA viuh rUnqjLrh dk [;ky j[ksaA ;k=kvksa ls fujk'kk feysxhA lkFkh ds LokLF; ds dkj.k fpfUrr jgsaxsA bl nkSjku vkidk thou leL;kvksa ,oe~ ijs'kkfu;ksa ls vkdzkUr jgsxkA ","You might face difficulties in your day to day pursuits. Your enemies will try to tarnish your image. Disputes with partners and associates is strongly indicated. Family life will not be happy. Take care of your health. Travels may be disappointing. The health of your spouse may cause some concern. During this period, your life will be full of troubles and turmoils."
XDIA:,;g fcYdqy Hkh vPNk le; ugha gSA /;ku j[ksaA vkfFkZd gkfu dh iwjh laHkkouk gSA bl vof/k esa dksbZ tksf[ke u mBk;sa vkSj lV~Vsckth ls cpsaA LokLF; ds dkj.k ijs'kkfu;ka 'kq: gks tk;saxhA vius ifjokj ds lnL;ksa ls laca/kksa esa fcxkM+ gksus dh laHkkouk gSA fdlh ifjfpr dh e`R;q dh [kcj Hkh fey ldrh gSA ,This is not a good period at all. Take care monetary loss is also possible. Don't take risks and speculation should be avoided. Your health will start bothering you. You may not be able to maintain harmonious relations with your family members. You might hear bad news regarding the deathof some one your know.
XDJA:,"cM+s cw<ksa ls lg;ksx izkIr djsaxsA lqnwj LFkyksa rd dh xbZ yEch ;k=k,a lQynk;d flOn gksaxhA vkenuh c<s+xh vkSj vk; ds u;s L=ksr izkIr gksaxsA ;|kfi [kpsZ Hkh c<saxs ysfdu vkenuh ls vf/kd ugha gksaxsA lV~Vs ds }kjk vk; gksus dh Hkh laHkkouk gSA bl le; dk iwjk lnqi;ksx djsaA ",You will get the support of elderly people. Long distance travel will be fruitful. Income will surely improve and new sources of income are likely to become available.Your expenditure will also be on the increase but not to the extent of the increase in income. Income through speculationis also possible. Try to make the best use of this time.
XDKA:,vkidks ysu nsu ds O;olk;A lkoZtfud {ks= ;k ljdkj }kjk Qk;nk feysxkA mPp inLFk vkSj egRoiw.kZ O;fDr;ksa ls vkidh fe=rk jgsxh ftuls vki ykHkkor gksaxsA O;kikj dk foLrkj Hkh 'kh?kz gksxkA foijhr ifjfLFkfr;ksa dks dq'kyrk ls >syus ds fy;s vkiesa izpqj vkRefo'okl jgsxkA 'k=q vkidks uqdlku ugha igqapk ik;saxsA ,"You will gain through trade, profession, public or government work. You will cultivate friendship among those in good position and achieve gains and honour through them. The expansion of business is also likely. You will have tremendous confidence to handle any kind of adverse situation. Your enemies will not be able to do any harm."
XDLA:,"fe=ksa vkSj lg;ksfx;ksa ls vkidks ykHk feysxkA cgq izrhf{kr bPNkvksa vkSj vkadk{kkvksa dh iwfrZ gksxh vkSj yEch ;k=k,a lQynk;d jgsaxhA vkenuh esa dkQh c<ksRrjh gksuk lqfuf'pr gSA foykl lkexzh ,oe~ vU; phtksa ij vki O;; djsaxsA ikfjokfjd okrkoj.k lq[kn jgsxkA ",You will be benefited from your friends and associates. Your long cherished hopes and wishes will materialise long distance travel may be fruitful. A substantial increase in income is also assured. You may spend on luxuries and other material items. Family atmosphere will be quite happy.
XDMA:,bl vof/k esa vkidks dbZ izfrdwy ifjfLFkfr;ksa vkSj ijs'kkfu;ksa dk lkeuk djuk iM+sxk vkSj bl dkj.k nq[k mBk;saxsA dqN nq[k blfy;s Hkh c<saxs fd vki >qduk ugha tkurs vkSj vius ?ke.M ds dkj.k ifjfLFkfr;ksa dks vkSj [kjkc djsaxsA LokLF; ls Hkh ijs'kku jgsaxsA [kpkZ c<+rk gh tk;sxkA ;|fi lkFkh ds LokLF; esa lq/kkj ds y{k.k fn[kkbZ iM+saxsA ijUrq iw.kZ lq/kkj esa le; yxsxkA vkidh ekufld 'kkafr Hkax jgsxhA ,You are likely to face several awkward situations in this period and may suffer as a result of this also you are not unlikely to bend and may continue to worsen your environment on account of your arrogance. Your health might give some problems. The expenditure will go on increasing. The health of your spouse will show signs of some improvement but it will take some time before he or shere covers completely. Your peace of mind will remain disturbed.
XEBA:,"bl vof/k esa vki vfr lq[kh jgsaxsA viuh izfrHkk ;ksX;rk vkSj fuiq.krk ds cy ij vPNs ifj.kke izkIr djsaxsA egRoiw.kZ fo}kuksa ds lEidZ esa vk;saxsA vkidk lEeku gksxk rFkk [;kfr c<s+xhA ikfjokfjd thou larks""kizn jgsxkA viuh egRokdka{kk,a izkIr djus ds fy;s vki dM+k iz;Ru djsaxsA lk/kkj.k rkSj ij vki lQy O;fDr le>s tk;saxsA ;|fi dke dk cks> cgqr jgsxk vkSj Fkdku gksxhA LokLF; Hkh vPNk jgsxkA ","You will be extremely happy in this period. Due to your own calibre and skills, results would be fantastic you will come into contact with learned people. You will be respected and your fame will also increase. Family life shall be quite satisfactory. You will make strenuous efforts to satisfy your aspirations. By and large you will be successful but work load could be tiring. Your keen observation will pay dividends. The state of your health will be satisfactory."
XECA:,vkfFkZd :i ls ;g mUke le; jgsxkA uQk ds lkSnk ls dkQh ykHk gksxkA ifjfLFkfr;ksa vkSj ;kstukvksa dh xgjh le> ds dkj.k vki nwljksa dks vklkuh ls dksbZ ckr euok ldsaxsA bl vof/k esa vki dkQh izfl) jgsaxsA ifjokj ds lnL;ksa dk vkids izfr cgqr vPNk crkZo jgsxkA iqjkus jh.k bR;kfn dh olwyh Hkh gks tk;sxhA bl dky esa Hkze.k ls dkQh ykHk feysxkA vkidh izd`fr nk'kZfud vkSj xEHkhj gks tk;sxhA xw<+ foKku esa vkidh :fp c<s+xh rFkk gks ldrk gS vkidks ijkeuksoSkfud vuqHko Hkh izkIr gksA,"Financially, this is going to be the best period. Youmay also get benefit from the profitable deals. You will beable to convince others by your keen perception about situations and plans. You will be quite famous in this period. Family members attitude will be very cordial towards you. Old dues/debt may also be realised. Travels will bevery useful this period will also make you human philosophical and profound. Your interest in occult sciences will increase and you may under go a para psychological experience."
XEDA:,"vkidh esgur jax yk;sxhA NksVh ;k=k,a vPNk Qy iznku djsaxhA fons'k LFkyksa ls vPNh [kcj feysxhA HkkbZ cfguksa ls lgk;rk feysxhA u;s yksxksa ls lEidZ vkids lkSHkkX; ds dkj.k c<saxs vkSj vPNs ifj.kke izkIr gksaxsA iqjkus nksLrksa ls eqykdkr gksxhA vxj vki izdk'ku ;k ,stsUlh ds dke ls lEcaf/kr gSa rks 'kqHk ifj.kke lkeus vk;saxsA vkiesa dykRed vfHkO;fDr izdV djus dh {kerk gksxh rFkk HkkoukRed vfHku; dh lgt izfrHkk jgsxhA","Your hard work and labour will give dividends short distance travels will be fruitful. Good news from abroad orfar off place is possible. Your brothers and sisters will also assist you.Your contact with new people will also increase by the dint of good luck results will start coming your way. Meeting with old friends is also indicated. If you are involved in publication or agency work, encouraging results will be there. Your will also have the power of artistic expression and interpretation and you possess a natural gift for emotional action."
XEEA:,"bl vof/k esa vkids vUnj cSBh gqbZ O;olk; fd lgt ;ksX;rk fodkl izkIr djsxhA vkidh O;ogkj cqf) vkSj leh{kkRed n`f""V pSrU; jgsxhA vki cgqr lyhds ls dke djsaxsA lq[kh jgsaxs vkSj lk/kkj.k rkSj ij izlUurk izkIr gksxhA viuh deZBrk ls vki cgqr ykHk mBk;saxsA ikfjokfjd okrkoj.k lkSeuL;iw.kZ jgsxkA ekrk firk ls laca/k e/kqj jgsaxsA foykl lkexzh ij O;; djsaxsA lapkj ek/;e ls 'kqHk lekpkj izkIr gksaxsA 'kqHk laLdkj Hkh euk;k tk ldrk gSA ","During this period, you will develop well ingrainedcommercial instincts. You will be practical discriminative and critical. You will work very methodically. You will be quite comfortable and general happiness will be there. Your action oriented approach will pay you in a big way. Family atmosphere will be harmonious. You will enjoy good relationships with your parents. You will be inclined to spend on luxuries. Communication will also bring good news for you. An auspicious ceremony could also be celebrated."
XEFA:,"bl vof/k esa viuh iSuh foosd cqf) vkSj lgh vankt yxkus dh {kerk ds dkj.k vki izpqj lEeku izkIr djsaxsA vkidh dYiuk vR;f/kd lfdz; jgsxhA u;s m|eksa esa fuf'pr lQyrk izkIr djsaxsA ;g le; iz.k; vkSj jksekUl ds fy;s Hkh vPNk gSA vkids l`tu cks/k dh ljkguk dh tk;sxhA ikfjokfjd lq[k c<k p<+k jgsxkA fe= vkSj 'kqHk fpUrd iwjk lgkjk nsaxsA bl vof/k ds nkSjku vki egRoiw.kZ O;fDr;ksa ds lEidZ esa vk;saxsA ,d ;knxkj ;k=k gksus dh Hkh laHkkouk gSA ","During this period, you will command respect due toyour qualities of delicate discrimination and fine accuracy in judgement. Your imagination will be excellent. Success is guaranteed in new ventures and new enterprises the time is also suitable for love affairs and romance. Your sense of creativity will be appreciated by others. Family happiness is also assured. Your friends and well wishers will provide their full support. This period will also bring you in the midst of famous people. A memorable journey is also indicated."
XEGA:,"[kpZ fu;a=.k ls ckgj gks tk;sxkA LokLF; laca/kh ijs'kkfu;ka Hkh jgsaxhA fojks/kh izfr""Bk fcxkM+us dh ps""Vk djsaxsA oSls ukSdjh ds gkykr esa lq/kkj gksxk ysfdu dke dk cks> c<+k p<+k jgsxkA blds vykok O;FkZ ds dkeksa esa Hkh vki my>s jgsaxsA ok.kh ij fu;a=.k j[ksa vkSj dVq u cksysa rFkk nwljksa dh vkykspuk djus dh izo`fr dks Hkh de djsaA ikfjokfjd thou ls ruko feysxkA tgka rd laHko gks ;k=k ls cpsaA ","Your expenditure will increase beyond your control. Health problems could also be there. Your opponents will try to damage your reputation. Any how, service conditions will be satisfactory but work burden is clearly indicated. Besides this, you might have to be involved in a thankless job. Don't use harsh speech and curb your tendency to criticise others. Family life will also create tension foryou. As for as possible travel should be avoided."
XEHA:,"bl vof/k esa vkidh izflf) ,oe~ lEeku esa btkQk gksxkA fo}kuksa ds lkFk jgus dk ekSdk vk;sxkA vkidk O;kikj ;k O;olk; c<Sxk vkSj pedsxkA L=h oxZ ls vkids {ks= esa lgk;rk feysxhA lq[kn ;k=k dh Hkh laHkkouk gSA ykHkizn lkSnk djsaxs vkSj vkids Hkkxhnkj o lg;ksxh vkidks viuk csgrj lg;ksx nsaxsA fdlh izfrLi/kkZ esa Hkh lQy jguk fuf'pr gSA ","During this period your fame and respect will definitely increase. You will come across an opportunity to be with learned people. Your profession/trade will flourish. Family life shall be full of comforts. You will find that the opposite sex will help you in your sphere, a pleasanttrip is also possible. You might enter into a profitable deal. Your associate or partners will provide their best support towards you. Success in competetion is also assured."
XEIA:,"iz;Ruksa ds ckotwn vlQyrk vkidks fujk'k djsxhA vkidks cgqr esgur djuh iM+sxh D;ksafd dke dk cks> cgqr jgsxkA NksVh NksVh ckrksa dks ysdj fookn c<+us dh laHkkouk gSA csdkj ds o vegRoiw.kZ dkeksa esa vki viuh 'kfDr vkSj le; O;; djsaxsA tYnh /ku dekus dh viuh izo`fr ij vadq'k yxk;saA LokLF; Bhd u gksus ds dkj.k dqN dke vki ugha dj ik;saxsA ikfjokfjd thou esa rukoxzLr jgsaxsA oSls bl vof/k esa xw<+ ,oa ijkeuksoSkkfud vuqHko vkidks izkIr gksaxsA csdkj dh ;k=kvksa ls cpsaA ","Failure in attempts will make you feel frustrated. You will have to slog as the work burden will be too much. Dispute over small issues are possible. You will waste your time and energy in small matters. Tendency of making quick money should be checked. Your health may not permit you to do certain things. Family life will also create tension. Anyhow, this is a likely period for occult or psychicexperiences. Unfruitful journies should be avoided."
XEJA:,"izHkko'kkyh ok.kh gksus ds dkj.k yksxksa ls vki viuh ckr euok ysrs gSaA izfl) O;fDr;ksa ds vki lEidZ esa vk;saxsA vkidh [;kfr vkSj izfr""Bk lEeku esa c<+ksRrjh gksxhA viuh cqf)eRrk ds dkj.k vki izpqj ykHk ik;saxsA vius O;olk; esa vki vPNk dke djsaxsA ;k=k ls fuf'pr ykHk izkIr djsaxsA ","As eloquent in speech, you are able to convince others. You will come in contact with famous people. Your respect and reputation will get enhanced. By dint of your intelligence, you will be able to make a big profit. You will do very well as far as your profession is concerned. Family atmosphere shall be very encouraging. Travel will definitely bring good luck for you."
XEKA:,"O;kikj ;k O;olk; esa vki cgqr vPNk dke djsaxsA O;kikj dk foLrkj Hkh gks ldrk gSA bl vof/k ds nkSjku vki iwjh rjg deZB jgsaxsA ofj""B yksxksa ;k lRrkoku O;fDr;ksa ds lkFk vkids laca/kksa esa lq/kkj vk;sxkA ikfjokfjd ekgkSy larks""kizn jgsxkA vkidks okgu Hkh izkIr gks ldrk gSA fons'kksa ls vPNh [kcj feyus dh laHkkouk gSA ?kj esa fdlh 'kqHk d`R; dk vk;kstu gksxkA ",You will do extremely well in your business or profession. An expansion of business may also take place. During this period you will remain action oriented. Your keen observation and your sense of discrimination will make you learn more. Your relationship with superiors or authorities will definitely improve. Family atmosphere will be quite satisfactory. You may also go in for a conveyance. A good news from a far off place or places is also possible. An auspicious ceremony in the house may be celebrated.
XELA:,"vkidh yEch ;k=k djus dh iwjh laHkkouk gSA fe= o lg;ksxh lgk;rk djsaxsA vius O;olk; ;k O;kikj dks c<kus pedkus ds dbZ ekSds vk;saxsA bPNk vkSj egRokdka{kkvksa dh lEiwfrZ gksxhA HkkbZ ;k ?kfu""B fe= ds ckjs esa dksbZ 'kqHk lekpkj izkIr djsaxsA bl vof/k esa gj rjQ ls [kq'kgky jgus dh laHkkouk gSA iz.k; laca/kksa ds fy;s Hkh ;g le; vPNk gSA bl le; dk lnqi;ksx djsaA bl nkSjku vkids dbZ yksxksa ls fe=rkiw.kZ laca/k dk;e gksaxsA ",A long distance travel is likely to take place. Friends and associates will help you. You will get lot of opportunities to do better in your business/trade etc. Your ambitions and desires will also get fulfilled. A happy news regarding your brother or a very close friend will also be there. The period is quite encouraging as far as your love life is concerned. Over all prosperity is also indicated in this period. Try to make the best of this time. You will establish friendly relationship with a lot of new persons.
XEMA:,";g vof/k vkidks ekufld fpUrk,a nsxhA fojks/kh izfr""Bk ij vkap ykus dk iz;Ru djsaxsA O;; c<+rk jgsxkA vpkud gkfu gksus dh Hkh laHkkouk gSA LokLF; laca/kh leL;kvksa ds dkj.k ijs'kku jgsaxsA gkfudj dk;kasZ ls Hkh lEcaf/kr jg ldrs gSaA ikfjokfjd ekgkSy lkSeuL;iw.kZ ugha jgsxkA vkidk eu v/;kRe dh vksj >qdsxkA leL;kvksa ijs'kkfu;ksa dk izfrjks/k djus dh dksf'k'k djsaA tksf[ke mBkus dh izo`fr ij fu;a=.k j[ksa vkSj lc izdkj dh lV~Vsckth ls cpsaA ",This period will give you mental anxiety. Your opponents will try to damage your reputation. Expenditure will go on increasing. Sudden losses are also possible. Health problems might disturb you. You may have to be involved in unprofitable deeds. Family atmosphere may not be harmonious. Your mind will bend towards spiritualism. Try to develop resistance towards odds. A tendency of taking risk should be curbed and all kinds of speculations must beavoided.
XFBA:,"vki 'kqHk ,oe Js""B d`R;ksa ls lECnhr jgsaxsA bl nkSjku vki dkQh izlUu jgsaxs vkSj ifjokj esa dksbZ Js""B laLdkj Hkh lEiUu gksxkA vkidh vkenuh c<Sxh rFkk Å¡ps ljdkjh vQljksa ls vkids laca/k Hkh lq/kjsaxsA viuh ;ksX;rk ds dkj.k vki foijhr ifjfLFkfr;ksa dk Hkh Hkyh izdkj lkeuk dj ysaxsA ikfjokfjd lq[k lqfuf'pr jgsxkA n'kZu ,oe~ rRo ehekalk esa vkidh fo'ks""k :fp jgsxhA bl vof/k es fnekx iwjh rjg pSrU; vkSj lkudwy jgsxkA ","You are likely to be involved in noble deeds. During this period, you will be extremely happy and some auspicious ceremony could also take place in your family. Your income will increase and your contact with senior or government authorities will improve. By dint of your skill, you would be able to handle even adverse situation. Family happiness is assured for you. You may be interested in philosophy ormetaphysics. An absolutely perfect state of mind is also guaranteed in this period."
XFCA:,"bl vof/k ds nkSjku vk; o`f) dkQh gksxhA ifjokj ds lnL;ksa vkSj vU; yksxksa ds fgr esa vki iSlk :i;k NksM+us ls ugha fgpfdpk;saxsA vki tu fiz; jgsaxsA ifjokj ds lnL;ksa dh la[;k esa c<ksRrjh gks ldrh gSA 'k=qvksa dk ijkHko dj ldsaxsA olh;r ls ykHk Hkh 'kh?kz izkIr gksxkA dyk dfork ,oe~ lkfgR; esa vkidk 'kkSd c<+k p<+k jgsxkA vius :fp ds {ks= esa vki vPNk dke djsaxsA lk/kkj.k rkSj ij lc izdkj dk lq[k Hkksxuk lqfuf'pr gSA ","During this period, a substantial gain in income will be quite evident. You are inclined to sacrifice your money for the good of others and specially for family members. You will be popular with everybody. An increase in family members is also possible. Your will be able to overcome your enemies. A gift or inheritance may come your way. Your taste of fine arts, poetry and literature will intensify. You will also do well in your field of interest. Over all happiness is assured."
XFDA:,"bl vof/k esa vkids fdz;kdyki iz'kalk ds gdnkj gksaxs vkSj vki izpqj lEeku izkIr djsaxsA vkidk vkRefo'okl c<k p<+k jgsxkA vkidk lkekftd {ks= c<s+xkA NksVh ;k=k,a lQynk;d jgsaxhA ikfjokfjd mRFkku ds fy;s vki dqN egRoiw.kZ dk;Z djuk pkgsaxsA vxj vki 'kknh 'kqnk gSa rks oSokfgd thou lq[kn jgsxkA lg;ksfx;ksa vkSj Hkkxhnkjksa ls [kwc iVsxhA fdlh cqtqxZ ls vki lgkjk izkIrdjsaxsA NksVs eksVs jksxksa ds mHkjus dh Hkh laHkkouk gSA ","Your actions will be commendable and you will command much respect. Your confidence will be par excellence. Your social circle will also widen. Short distance travels will be rewarding. You would like to do something for the betterment of your family. If married, marital happiness will be there.You will get on very well with your partners/associates. You might get the support of an elderly person. Minor health ailment could also be possible."
XFEA:,bl vof/k esa thou O;kiu lqfo/kk lEiUu jgsxkA ikfjokfjd lq[k izkIr djsaxsA lEirh ij /ku O;; gksxkA ?kj dh oLrqvksa py vpy lEirh vkfn ij O;; gksxk rFkk O;kikj@O;olk; ds fodkl ij Hkh /ku O;; djsaxsA vpkud o v;kfpr ykHk izkIr djsaxsA cM+sa vQljksa vkSj 'kfDroku O;fDr;ksa ds lEidZ esa vk;saxsA vkidh [;kfr vkSj lEeku esa btkQk gksxkA O;kikj esa cnyko ;k ukSdjh dh inksUufr dh laHkkouk gSA /keZ ds izfr vkidk >qdko jgsxk vkSj ifo= LFkyksa dh ;k=k djsaxsA bl iwjh vof/k esa fnekx lkUdwy jgsxk vkSj lq[k HkksxsaxsA ,"You will be quite comfortable in this period. Family happiness will be there. Expenses will be incurred on property. You will have to spend on house hold articles, movable or unmovable property. An expansion of business/trade etc. is likely to take place. Sudden unexpected gains are also possible. You will come into contact with higher officials and authorities. Your fame and reputation will be on an increase. A change in business or promotion is likely to take place. You will be inclined towards religion and might visit sacred places. A balanced state of mind is indicated and over all happiness will be there."
XFFA:,"bl vof/k esa vkidk vius izfr fo'okl vkidks yxkrkj fot; fnyk;sxkA vki lEeku vkSj izfr""Bk izkIr djsaxsA ?kj ifjokj esa 'kqHk d`R; dk vk;kstu gksxkA iz.k; o izse laca/kksa ds fy;s Hkh ;g vPNk le; gSA viuh cqf)eRrk ds vkSj iSuh vUrZn`f""V ds dkj.k vki lgh {k.k ij lgh fu.kZ; ysaA O;kikj@O;olk; esa ykHk izkIr dj ldsaxsA vkidk lkekftd {ks= c<s+xkA /kkfeZdfdz;k dykiksa ls lEca) jgus dh laHkkouk gSA fe= o fgrS""kh iwjk lg;ksx nsaxsA","During this period, your confidence will make you invincible. You will also command much regard and respect. An auspicious ceremony in the family is likely to takeplace. This is a very good period for love and romance. You will take the right decision at the spur of the moment due to your intelligence, profits in the business/trades etc. will be much more. Your social circle will be extended. There is a likely hood of getting involved in religious activities. Your friends and well wishers shall also assist you."
XFGA:,FkksM+s ls ykHk ds fy;s vkidks cgqr esgur djuh iM+ ldrh gSA ukSdjh ds gkykr cnrj gksrs tk;saxsA LokLF; laca/kh leL;k;sa ijs'kku djsaxhA ifjokjtuksa ls laca/k Hkh bl vof/k esa vPNs ugha jgsaxsA fojks/kh izcy gksaxsA O;FkZ dh ;k=kvksa ls cpsaA oSls eqdnekckth vkSj U;k;ky;ksa ds ekeyksa ds fy;s ;g le; vPNk gSA thou 'kfDr vkSj LQwfrZ esa deh eglwl gksus ds dkj.k >xM+s vkSj >a>Vksa ls nwj jgus dk iz;Ru djsaA ,You have to put tremendous efforts for very little gains. Service conditions may also deteriorate. Health problem might disturb you. Your relationship with your family members will not be good in this period. Don't take major decisions otherwise you will be in trouble. Your opponents will have an edge over you. Fruitless travels should be avoided. How ever this is a good period for litigations or court matters. Lack in vitality and energy will be quite evident. Try and refrain yourself from quarrels or disputes.
XFHA:,"bl vof/k esa vki oSokfgd lq[k HkksxsaxsA O;kikj ;k ukSdjh bR;kfn ds fodkl'khy gksus dh vPNh laHkkouk,a jgsaxhA cgq izrhf{kr ;k=k djsaxsA ifjokj dk okrkoj.k Hkh lkSeuL;iw.kZ jgsxkA bPNkvksa vkSj vkdka{kkvksa dh iwfrZ gksxhA vki fuMj jgsaxs vkSj 'k=qx.k lkeus vkus dh fgEer ugha djsaxsA n'kZu o lkfgR; esa :fp tkx`r gksxhA fo}kuksa ls lEidZ c<sa+xsA vki vR;f/kd lEekufiz; O;fDr le>s tk;saxs vkSj fo[;kr gksaxsA ",During this period you will have conjugal happiness. Business/job prospects will be very good. An expected travel will take place. Family atmosphere shall remain quite pleasant. Your hopes and desires will also materialise. You will be absolutely fearless and your enemies will not be able to face you. You might develop a taste for philosophyor literature. Your contacts with learned people will also increase. You will be highly respected and will become more famous.
XFIA:,ekufld fpUrkvksa ds dkj.k rdyhQ gksxhA 'kkjhfjd jksx Hkh ?ksjs jg ldrs gSaA fnekx dks 'kkafr ugha feysxhA ifjokj tuksa dk crkZo Hkh QdZ jgsxkA ysfdu xw<+ fokku vkSj ijkeuksfokku esa vkidh :fp tkx`r gksxhA bu {ks=ksa ds dqN vuqHko Hkh izkIr gksaxsA vpkud /ku ykHk gksus dh Hkh laHkkouk gSA iwath fuos'k dk iz;Ru u djsa D;ksafd eu pkgk ifj.kke izkIr ugha gksxkA fe= o lg;ksxh viuk opu ugha fuHkk;saxsA vlqj{kk dh Hkkouk lnSao fo|eku jgsxhA ,You will suffer due to mental anxiety. Physical ailments are also possible. You won't have any peace of mind. Family members attitude will be quite different. However your interest in occult/parapsychology will develop. Some experiences in this field are also possible. Unexpected monetary gain could be there. Don't go for big investment because things may not turn up according to your expectations. Your friends and associates shall not keep their promises. A sense of insecurity shall prevail.
XFJA:,"bl o""kZ ;g vof/k vkids fy;s loZJs""B fl) gksxhA vki izpqj lQyrk vkSj lEeku izkIr djsaxsA bl vof/k dk mi;ksx vki eu dks ,dkxz djus lekf/k vkSj ;ksx fdz;kvksa dks djus ds fy, Hkh dj ldrs gSaA /kkfeZd vkSj lkekftd {ks= ds fdlh eqf[k;k ls Hkh vkidk lEidZ gks ldrk gSA vius dke dks iwjk djus ds fy;s vki esa izpqj mRlkg vkSj fo'okl jgsxkA ifjokfjd ekgkSy ls Hkh lgkjk feysxkA yEch ;k=k lQynk;d fl) gksxhA ifjokj esa u;s lnL; dh c<ksRrjh gksxhA ","This is going to be the best period for you this year. A big amount of success and reputation will be enjoyed by you. You can also utilise this period for concentration, meditation and yoga. There is a likely hood of coming in contact with the head of some social or religious institutions. You will have tremendous confidence to carry out pursuits. Family atmosphere will be very supporting. Along distance travel will be rewarding. An increase of family member will be quite evident."
XFKA:,"O;kikj ukSdjh ;k /kU/ks esa vki cgqr vPNk dke djsaxsA O;kikj dk foLrkj gksxk vkSj in c<s+xkA bl vof/k esa ofj""B yksxksa o 'kfDroku O;fDr;ksa ls Lusg o lEeku izkIr gksxkA O;kikj vkSj ukSdjh ds flyflys esa vki dkQh Hkze.k djsaxsA 'k=q izfr""Bk dks uqdlku igqapkus dk iz;Ru djsaxs ij mlesa dke;kc ugha gksaxsA ikfjokfjd thou lq[kn jgsxkA ","You will do extremely good in your business, trade,job etc. An expansion of business or promotion in status is likely to take place in this period. You will enjoy the love and respect from your superiors and higher authorities. Income flow will remain normal. You will spend money on home affairs. There will be frequent travels regarding business/job etc. Your enemies might try to harm your reputation but they will not achieve any success. Family life will be quite happy."
XFLA:,"bl vof/k es vki dkQh mRlkg lq[k iw.kZ gksaxsA ;g le; csgn vPNk chrsxkA fonsf'k;ksa ;k lqnwj LFkyksa ij jgus okys yksxksa ls vkids lacfa/kr lkSeuL;iw.kZ jgsaxsA u;s m|eksa ds lkFk vkids lEca) jgsaxsA HkkbZ cgu Hkh bl vof/k esa [kq'kgky jgsaxsA ;fn vki fdlh izfrLi/kkZRed ijh{kk esa Hkkx ys jgsa gSa rks vo'; lQy gksaxsA bl vof/k ds nkSjku vki lekf/k bR;kfn esa fnypLih j[ksaxsA vkidh Li""V :i ls o`rh nk'kZfud jgsxhA ","The position of Jupiter in this house will make this period lively. Subsequently this period will be highly rewarding. You will develop harmonious relationship with persons from far off places or foreigners. There will be chances of entering into new ventures. Your brothers and sisters will be prosperous in this period. If you are appearing for a competitive examination, then your success is assured. This period will cause you to meditate and inquire about the truth the reality of human existence. Philosophical trend will be quite evident."
XFMA:,vkiesa fdlh ds izfr yxko ugha gksxk vkSj yksx vkids izfr oSeuL; dk Hkko j[ksaxsA vlqj{kk dh Hkkouk ls xzflr jgsaxsA Qkyrw ds dkeksa esa vki viuk le; vkSj iSlk cckZn djsaxsA vkidks nwljksa ds fy;s dke djuk iM+ ldrk gSA [kpsZ cgqr gksaxsA fojks/kh vkidks rukoxzLr j[ksaxsA tgka rd laHko gks ;k=kvksa ls vki cpsaA LokLF; dk /;ku j[ksa ugha rks leL;k;sa mB [kM+h gksaxhA ifjokjtuksa ds crkZo es Hkh dkQh QdZ jgsxkA ;g vPNk jgsxk fd foijhr ifjfLFkfr;ksa dks >syrs le; vki vius vUnj izfrjks/kkRed 'kfDr fodflr djsaA ,You will be devoid of attachment and people will harbour enemity towards you. A sense of in security will also prevail. You will waste your time and energy in useless pursuits. You might have to work for others. Expenses willbe very high. Your opponents will create tension for you. As far as possible travels should be avoided. Take care of your health as it is likely to create problems for you. Family members attitude shall be quite different. It is better to develop resistance against the awkward situations that you are likely to face.
XGBA:,"bl vof/k esa vki lq[kh o lkuUn jgsaxsA vkids pkjksa vksj dk okrkoj.k lq[kn gksxkA L=h oxZ dh vksj vkidk >qdko jgsxkA oSokfgd lq[k HkksxsaxsA vxj vki FkksM+h esgur djsa rks viuh vk; vki dkQh c<+k ldrs gSaA vki ,d fo'kn o 'kkunkj ik nsuk pkgsaxsA yfyrdyk] laxhr o lkfgR; esa vkidh :fp jgsxhA NksVh eksVh chekfj;ka Hkh vkidks ijs'kku dj ldrh gSaA ifjokj tu vkidh iwjh enn djsaxsA ","During this period you will be quite comfortable. There will be a pleasant environment all around you. You will be favourably inclined towards the opposite sex. Conjugal happiness will also be there. If you were to put a little more efforts, you can also increase your income. You would like to throw a big party. You will be interested infine art, music, literature etc. Minor health ailment might disturb you. Family members will extend their full support towards you."
XGCA:,"ifjokjtuksa ds lkFk vki vPNk fuckg dj ldsaxsA vki ifjfLFkfr;ksa dk cM+h prqjrk ls lkeuk djsaxsA vk; esa o`f) gksuh pkfg,A lansgkLin lk/kuksa ;k xyr rjhdksa ls Hkh vkids ikl iSlk vk;sxkA ifjokj esa fdlh 'kqHk d`R; dk vk;kstu gksxkA L=h oxZ dk lkFk vkidks :fpdj yxsxkA egaxs vkSj Lokfn""V Hkkstu ds fy;s vkidk Lokn tkx`r gksxkA ?kj dh phtksa ds fy;s vki iSlk [kpZ dj ldrs gSaA ?kj ij lc yksx bdV~Bs gksaxsA ",You will be able to cope well with your family members. You will handle situations intelligently. There should be an increase in your income. Money could also come from underhand dealings or unscruplous means. You will enjoy the the company of the opposite sex. An auspicious ceremony could be celebrated in your family. You will develop the taste for rich and delicious food. You will have to spend on house hold articles etc. There will be a get together at home.
XGDA:,"bl vof/k ds nkSjku vki vR;f/kd mRlkgh vkSj LQwfrZoku jgsaxsA NksVh ;k=k,a lq[kn ,oe~ lqQynk;d jgsaxhA ikfjokfjd lq[k dk;e jgsxk vkSj HkkbZ cgu Hkh [kq'kgky vkSj lq[kh jgsaxsA vki rqjar fu.kZ; ys ldus dh fLFkfr esa gksxs vkSj og fu.kZ; lgh gksaxsA bl nkSjku vkids ikl viuk okgu gksxkA yksxksa ls vkids lEidZ c<saxsA ukSdjh ds gkykr esa Hkh btkQk gksxkA lkSHkkX;'kkyh le; gksus ds dkj.k eupkgk dke gksrk jgsxkA ","During this period, you will be full of zeal and enthusiasm. Short distance travels shall be comfortable as well as rewarding. Family happiness will be there and your brothers or sisters will be quite comfortable. You will take decisions at the spur of the moment and they will turn outto be appropriate. You are likely to acquire a conveyance in this period. Your contacts with people will increase. Service conditions will also improve. By the grace of goodluck, things will start coming your way."
XGEA:,";g le; cM+s vkjke ls dVsxkA izfr""Bk in o`f) gksxh vkSj vkenuh Hkh c<s+xhA ikfjokfjd thou lq[kn jgsxkA uQs dk lkSnk gksxkA ifjokj esa ,d izdkj dk lEesyu gksxk ftlesa lc yksx bdV~Bs gksaxsA ;k=kvksa ls Hkh vPNs lekpkj feysaxsA fojks/kh uqdlku ugha igqapk ik;saxsA ifjokj esa lnL;ksa dh la[;k esa c<ksRrjh dh laHkkouk gSA iz;Ruksa esa lQyrk feysxhA vkidh ekrk vkidks iwjk lg;ksx nsaxhA gj fygkt ls ;g le; vPNk gSA",This period will make you comfortable. There will be arise in status as well as a rise in your income. Family life shall be very happy. You might enter into profitable deals. There will be some sort of get together in your family. Travel will also bring good news for you. Your opponents will not be able to do any harm. An increase of family members is quite possible. Success in attempts will be there. Your sub-ordinates shall extend their full support towards you. Overall this period will be very pleasant.
XGFA:,"bl vof/k ds nkSjku vki L=hoxZ dh vksj vkdf""kZr jgsaxsA bl vof/k esa vpkud ,slh ?kVuk,a ?kVasxh tks vkids fy;s fgrdj gksA blds vykok bl nkSjku vkidh lkekftd izfr""Bk vkSj [kq'kgkyh Hkh c<s+xhA ikfjokfjd thou vfr lq[kn jgsxkA cgq izrhf{kr vfHkyk""kkvksa dh lEiwfrZ gksxhA ;fn vki esa l`tukRed {kerk gS rks bl vof/k ds nkSjku vkidh dyk laxhr bR;kfn esa lQynk;d xfr jgsxhA lkekftd {ks= c<s+xk vkSj iqjkus fe=ksa lg;ksfx;ksa ls eqykdkr gksxhA lapkj ds ek/;e ls vkidks dksbZ cgqr vPNh [kcj Hkh fey ldrh gSA ","During this period you will be attached and fascinated by the opposite sex. Unexpected favourable events are likely to take place in this period. Besides you will enjoy good social esteem and prosperity. Family life will be extremely happy. Your long cherished hope and desires will materialise. There is every likelihood of your getting increative things if already involved in poetry, music literature etc. , this period is going to be fabulous. Your social circle will be on the increase, and meetings with old friends/associates is quite possible. You might receive a very good piece of news through communication."
XGGA:,bl vof/k esa oklukiVd fopkj flQZ vkidks volkfnr gh ugha djsaxs tyhy Hkh djok ldrs gSaA LokLF; lEcU/kh leL;kvksa ds dkj.k vkidh fuR;ppkZ esa Hkh O;o/kku mifLFkr gks tk;sxkA oSls ukSdjh ds gkykr vPNs jgsaxsA ;|fi dke dk cks> Fkdkus okyk gksxkA L=h oxZ ls vkidk O;ogkj e/kqj ugha jg ik;sxkA fojks/kh izcy gksaxsA foijhr ifjfLFkfr;ksa esa izfrjks/kkRed 'kfDr dk fodkl izkIr djus dk iz;Ru djsaA Hkkjh O;; gksus dh Hkh laHkkouk gSA ,"Sensual thoughts not only depress you but may even cause you some humiliation in this period. Health problems may deprive you from your normal routine. However service conditions will be quite good. Although, work load will be tiring. You may not be able to keep harmonious relationship with the opposite sex. Your opponents will have an edge over you. Try to develop resistance against awkward situations. A heavy expenditure is also indicated."
XGHA:,"bl vof/k esa vkidk lkStU;rk iw.kZ O;ogkj jgsxk vkSj vki eueqVko ls cpsaxsA ,d vkuUn nk;d ;k=k dh izcy laHkkouk gSA L=h oxZ dk Hkh lkFk jgsxkA laxfr o vU; yfyr dykvksa lqx/k ,oe~ lkSUn;Ziw.kZ oLrqvksa dh vksj vkidk >qdko jgsxkA vius O;olk; vkSj O;kikj esa vki cgqr vPNk dke djsaxsA vius iz;Ruksa ls vk; o`fOn izkIr djsaxsA ikfjokfjd thou lq[kn jgsxkA NksVh eksVh chekfj;ka gks ldrh gSaA vkidk feyulkj LoHkko gksxk vkSj dbZ yksxksa ds lEidZ esa vk;saxsA ","During this period you would be of an amiable disposition and will avoid frictions. A pleasant journey is quite possible. You will also have the company of opposite sex. You may be inclined towards fine art, music, perfumes and beautiful things. You are likely to do extremely good in your profession/trade job etc. There will be an increase in your income due to your own efforts. Family life shall be quite happy. Minor health ailments could be there. You will be social and will come in contact with many persons."
XGIA:,"fdlh cnukeh nsus okys dk.M esa Qalus ds dkj.k vkidh izfr""Bk ij vkap vk;sxhA LokLF; ds fygkt ls Hkh ;g dksbZ vPNk le; ugha gSA vpkud /ku izkr dh laHkkouk gSA ysfdu lkFk gh lkFk [kpsZ Hkh c<saxsA xqIr vkSj fuxw< lq[kksa dks Hkksxus okyh izo`fr ij vadq'k yxk;s ugha rks cM+h 'keZukd fLFkfr dk lkeuk djuk iM+ ldrk gSA oSls ifjokjtuksa dk lg;ksx iwjk jgsxkA ;|fi dHkh dHkh erHksn Hkh jg ldrk gSA tgka rd laHko gks ;k=k,a u djsaA ","You might get involved in a scandal and your reputation may suffer damage. Health wise, this is not a good period. There could be chances of getting money unexpectedly. But at the same time expenses will be very high. The tendency of enjoying hidden/secret pleasures should be curbed as it could lead you to a very embarrassing situation. However, family members support will be there but at times difference of opinion will be quite obvious. As far as possible travels should be avoided."
XGJA:,"mPp inLFk yksxksa ls vki lEeku izkIr djsaxs vkSj muds d`ik Hkktu jgsaxsA ekrk firk vkSj xq:tuksa ls laca/k vfr e/kqj jgsaxsA bl vof/k ds nkSjku vki lqnwj izns'kksa dh ;k=k djsaxsA ikfjokfjd thou vkids fy;s lq[kn ,oe~ vuqdwy jgsxkA vki ds FkksM+s iz;Ru djus ij Hkh vkidh vkenuh c< tk;sxhA bl vof/k ds nkSjku foijhr ifjfLFkfr;ksa ls lgh rkSj ij fuiVus dh vkidh {kerk dk fodkl gksxkA vxj vkidh inksUufr gksus gh okyh gS rks tSlh pkgsaxs oSlh gh gksxhA vkidk fnekx /kkfeZd fdz;kdykiksa ,oe~ thou laca/kh mPp n'kZu dh vksj vkd`""V jgsxkA gj fygkt ls ;g le; vPNk gSA ","You will command respect and receive favours from higher ups. Your relationship with parents, seniors will be harmonious. You may have to visit far off places in this period. Family life will remain very much in your favour. Just by making little efforts your income will be on the increase. If you are already at the threshold of promotion, it will come your way. Your mind will also bend towards religious activity or higher philosophy of life. In general the period is very good."
XGKA:,"vius dk;Z {ks= esa vki egRoiw.kZ lQyrk izkIr djsaxsA izfr""Bk vkSj lEeku esa izpqj o`f) gksxhA bl vof/k esa foijhr ifjfLFkfr;ksa ls Hkh vki dq'kyrk ls fuiV ldsaxsA O;kikjh lg;ksfx;ksa ;k O;olk;fd yksxksa xzkgdksa ds lkFk vkids laca/k fnu o jkr lq/kjsaxsA le; ds lkFk lkFk vki laxzg'khy gksrs tk;saxs vkSj foykl lkexzh ij Hkh O;; djsaxsA ifjokj tuksa dk crkZo cgqr vPNk jgsxkA O;kikfjd ;k=kvksa dh laHkkouk gSA ","You will make remarkable success in your field of activity. There will be considerable enhancement of your respect and honour. This period should make you capable of handling any kind of adverse situations. Due to your business, trade,job etc. Your relations with your clients associates and other concerned persons will definitely improve as the period rolls on, you will become possessive and would like to spend on luxurious items. Family members attitude will be very cordial towards you. Business tripsare quite possible."
XGLA:,"bl vof/k esa vkidks gj iz;kl esa lQyrk feysxhA fe= vkSj lg;ksxh vkidks iwjk lg;ksx nsaxsA cgq izrhf{kr vfHkyk""kkvksa vkSj bPNkvksa dh lEiwfrZ gksxhA HkkbZ cfgu Hkh vius vius {ks= esa cgqr vPNk dk;Z djsaxsA ;k=kvksa ls ykHk gksxkA mPp dksfV dk ikfjokfjd lq[k izkIr djsaxsA ifjokj esa lnL;ksa dh c<ks+Rrjh gksus dh laHkkouk gSA thou ds fofHkUu {ks=ksa esa feyus okys fe=ksa vkSj lg;ksfx;ksa ls vPNh iVsxhA [kpsZ vf/kd gksaxs ysfdu vkenuh ls iwj iM+rh jgsxhA ","Success in all endeavours are assured in this period. Your friends and associates will extend their full hearted support towards you. Long cherished hopes and desires will also materialise. Your brothers and sisters will do exceedingly well in their prospective fields. Travels are likely to bring good luck to you. Family happiness of high order is there for you. An increase of family member is also possible. In general, you will get on very well with friends/associates and people from different walks of life. Your expenses will be on the increase but it won't exceed your income."
XGMA:,"vki lqfo/kk vkSj foykl ds lk/kuksa ij [kpZ djsaxsA mPp dksfV dk oSokfgd lq[k HkksxsaxsA fQj Hkh vPNk gksxk fd vki viuh Hkksx o`rh ij vadq'k yxk;sa ojuk vkuUn izkIr djus ds ctk; ijs'kkuh mBkuh iM+ tk;sxhA NksVh eksVh chekjh ijs'kku djsxhA iz.k; laca/kksa dh xfr /kheh j[ksaA fojks/kh vkSj izfr}Unh uqdlku igqapkus dk iz;Ru djsaxsA ;?kfi vki mudh ijokg ugha djsaxs fQj Hkh vki dks lykg nh tkrh gS fd ,slk u djsaA vkfFkZd :i ls ;g cqjk le; ugha gS ij [kpksZ ij fu;a=.k j[ksaA ifjokj tu ds LokLF; ds dkj.k vki fpfUrr jg ldrs gSaA ",You will spend money on luxuries and comforts. Conjugal happiness of high order will be there. It would be better to do all this with in limitations other wise instead of enjoying you may run into trouble. A minor health ailment could disturb your peace of mind. Be slow in love affairs.Your opponents and adversaries will try to do harm. You will tend to feel unconcerned but are advised to do so.Financially this is not a bad period but expenses should be checked. Family members health may cause some anxiety.
XHBA:,"vkids gj dke esa vM+pusa vk,xh vkSj nsjh gksxhA dHkh dHkh vlqj{kk dh Hkkouk ls vkdzkUr jgsaxsaA dke dk cks> cgqr jgsxk vkSj Qkyrw ds dkeksa esa Hkh vki Qals jg ldrs gSaA vkidk LokLF; Hkh Bhd ugha jgsxkA ikfjokfjd thou lq[kn ugha jgsxkA fj'rsnkjksa ds LokLF; ds dkj.k vki fpfUrr jg ldrs gSaA Hkkxhnkjksa ;k lg;ksfx;ksa dh ykijokgh ds dkj.k vkidks /kDdk igqap ldrk gSA oSls bl vof/k dk vkf[kjh fgLlk vkidks dqN jkgr nsxkA vk'kkoknh gksuk fujk'kkoknh gksus ls lnSo vPNk gSA ","There would be delay and obstacles in general pursuits. At times, a sense of insecurity will be predominant in you. You will have considerable work pressure and you will also be involved in unrewarding jobs. Your health is likely to deteriorate, family life may not be pleasant and the health of relations may cause some anxiety. You might face a set back due to your partners/associates negligence. However the last phase of this period will give you some relief. It's always better to be optimistic than to be pessimistic."
XHCA:,"bl vof/k esa dqN vkfFkZd ijs'kkfu;ka lkeus vk,xhA vkenuh Hkh Bhd ugha jgsxhA ifjokjtuksa dh vis{kk,a iwjh ugha gksaxhA vius yksxksa ls vkidh iVsxh ughaA jkstejkZ ds thou esa vkidks lko/kku jgus dh vko';drk gSA u, m|eksa ls bl vof/k esa lEca) u gksa vkSj egRoiw.kZ nLrkostksa ij fcuk ns[ks nLr[kr u djsaA tksf[ke mBkus dh izo`fr ij Hkh vadq'k yxk,A eka cki dk LokLF; vPNk ugha jgsxkA ",During this period you might face some financial problems. The in flow of money will not be normal. Family members expectations shall remain unfulfilled. You may not be able to keep a perfect tuning with your own people. You have to be cautious in your day to day pursuits. This is not a good period to enter into new enterprises please don't sign any important document without going through it. Risk taking tendencies should be curbed. The health of your parents is likely to suffer.
XHDA:,"gj dke dks lyhds ls djus dh vkidh cyorh bPNk jgsxhA vkidk fo'okl cgqr c<+k p<+k jgsxkA ukSdjh O;kikj ;k O;olk; esa mRlkgo/kZd ifj.kke fuf'pr :i ls lkeus vk,axsaA u, m|eksa ;k O;olk;ksa esa izos'k djus dk ekSdk feysxkA vkenuh lk/kkj.k :i ls vPNh jgsxhA ikfjokfjd okrkoj.k cM+k lkSgknZiw.kZ jgsxkA lapkj ek/;eksa ls dksbZ vPNh [kcj fey ldrh gSA ","You will have a strong desire to do things in amethodical manner. Your confidence will be par excellence.You will definitely get encouraging results as far as your job, business, career is concerned. There are chances of venturing into new enterprises, profession etc. Inflow of income shall be quite normal. Family atmosphere will be very good. Your social circle shall widen, short distance travels will prove beneficial. You might also receive very good news through communication."
XHEA:,"vki ij ,slh ckrksa ds >qBs bYtke yxk, tk ldrs gSa ftuesa vkidk lg;ksx ux.; jgk gksA ikfjokfjd lq[k dk Hkh vHkko jgsxkA iz;klksa esa vlQyrk volkn iSnk dj nsxhA vius LokLF; dk /;ku j[ksaA vxj dksbZ yach chekjh Hkksx jgs gSa rks iwjs ijgst ls jgsaA vkids fojks/kh vkidh Nfo fcxkM+us dk iz;kl djsaxsA cglksa esa u my>sa rks Bhd jgsxkA lkalkfjd lq[kksa ds fygkt ls ;g le; vPNk ugha gS fQj Hkh /kkfeZd ,oa vk/;kfRed dk;ksZa esa yxs jgus ls dqN jkgr eglwl gksxhA ","You could be subjected to false charges, where your real involvement may be negligible. Family happiness will also be missing. Failure in attempts might bring depression. Take care of your health. If already suffering from chronic ailment than preventive measures should be taken. Your opponents will try to tarnish your image, refrain from getting in to argumentative situations. This period is not good as far as worldly comforts are concerned, still you can get some relief by involving yourself in religious or spiritual deeds."
XHFA:,"vkidh l`tukRed {kerk bl vof/k esa Nqih jgsxh vkSj cqf) foosd dk Hkh gzkl gksxkA bl ekeysa esa vf/kd /;ku nsus dh t:jr gS ftlls vki lgh fu.kZ; ys ldsA vkids cPpksa dk LokLF; vPNk ugha jgsxkA fe= o lg;ksxh viuk opu ugha fuHkk,xsaA >wBh vk'kkvksa ij fuHkZj djuk Bhd ughaA ;k=k,a lQynk;d ugha gksxhA vkfFkZd leL;k,a fnekxh 'kkafr dks Hkax djsxhA tksf[ke mBkus okyh izo`fr;ksa ij iwjh rjg vadq'k yxkdj j[ksA ",Your creative faculties will be considerably eclipsed therefore you may not be able to distinguish and discriminate properly. Extra care should be taken so that right decisions are taken. The health of your spouse and children may create problems in this period. Your friends and associates will not keep their promises. It is better not to depend on false hopes. Journies will not be fruitful. Financial worries may disturb your peace of mind. Risk taking tendencies should be curbed totally.
XHGA:,"vki vius dk;Z{ks= esa cgqr vPNk dke djsaxsA ukSdjh ;k O;olk; dh ifjfLFkfr;ksa esa dkQh lq/kkj vk,xkA izHkko'kkyh O;fDr;ksa ls vkids lEidZ c<saxsA jkstejkZ ds thou esa vki vR;f/kd LQwfrZoku eglwl djsaxsA fojksf/k;ksa dh vkids lkeus iM+us dh fgEer gh ugha iM+sxhA vkfFkZd :i ls ;g cgqr vPNk le; fl) gksxkA NksVh ;k=k,a mi;ksxh jgsaxhA ifjokj dk ekgkSy iw.kZ larks""kizn jgsxkA bl vof/k ds e/; esa NksVh eksVh chekjh gksus dh laHkkouk gS ftl ij vkidks FkksM+k cgqr /;ku j[kus dh vko';drk gSA ","You will do extremely well in your field of activities. Your service/job conditions will definitely improve. Your contacts with influential people will definitely increase. You will have tremendous energy to carry out your day to day pursuites. Your opponents will lack conviction and courage to face you. Financially, it is going to be a very good period. Short distance travels may be useful. Family atmosphere will remain quite satisfactory. A minor ailment in the middle of this period is indicated. Little care in this regard is required."
XHHA:,";g vPNk le; ugha gS D;ksafd vkids Hkkxhnkj ;k lg;ksxh vkidks uhpk fn[kk,xsaA vkSjksa dh ykijokgh vkSj vlQyrkvksa ls vki fpfUrr jgsaxsA jkstejkZ ds dkeksa esa Hkh leL;k,a [kM+h gks ldrh gSA cscqfu;kn bYtke vkids Åij ea<s tk,xsaA NksVs eksVs >a>V ;k fooknksa ls cpsaA L=h oxZ ls vkids laca/k vPNs ugha jgsaxsA tgka rd laHko gks Qkyrw dh ;k=k de djsaA O;kikj ds cM+s cM+s fu.kZ; ysus ;k fodkl dh ;kstukvksa ij /;ku nsus ds fy, ;g vko';d gS fd vki iwjh tkap ij[k djds gh ,slk djsaA ","This is not a good period as your partners/associates will let you down. You will be worried on account of the failures or negligence of others. You might face difficulties in your daily routine work. Baseless charges could be framed against you. Don't get involved in minor disputes or quarrels. Your relationship with the opposite sex will not be cordial. As far as possible, unwanted travelsshould be curtailed. Major business decisions or an expansion of trade should not be done without scrutinizing each and every detail of the project."
XHIA:,"dksbZ egRoiw.kZ pht [kksus dk [krjk cuk jgsxkA ofj""B tuksa ;k lRrk/kkjh vQljksa ls vkids laca/k fcxM+ ldrs gSaA ysu nsu ds O;kikj esa gkfu gksus dh Hkh laHkkouk gSA vkids fe= ;k lg;ksxh viuk opu ugha fuHkk,axsaA ifjokjtuksa ds O;ogkj esa Hkh QdZ vk tk,xkA ekufld osnuk dh fLFkfr vkids O;ogkj ls ifjyf{kr gksrh jgsxhA oSls bl vof/k esa xw< eku ;k ijkeuksfokku vkfn {ks=ksa l sdqN enn fey ldrh gSA vPNk ;gh gksxk fd viuh ;ksX;rk vkSj izfrHkk ij gh fuHkZj djsaA vxj olh;r izkfIr ds bPNqd gS rks og vpkud izkIr gksdj vkidks peRd`r dj nsxhA fdlh dh ekSr dh cqjh [kcj fey ldrh gSA vius LokLF; dk /;ku j[ksaA ","There will be a danger of loosing some thing very important.Your relationship with your superiors/authorities may deteriorate. Loss in trade is also possible. Your friends/associates will not keep their promises. Family members attitude will be quite different. A state of mental anguish will reflect in your behaviour. However, this period can help you in occult/para psychological sphere. It would be better to depend on your own calibre and skill. If aspiring for legacy or inheritance than it might come your way as a surprise. Take care of your health. You may also receive bad news regarding some one's demise."
XHJA:,"bl vof/k ds nkSjku vki [kwc [kq'k jgsaxsA vkids iz;kl vPNs ifj.kke nsuk 'kq: dj nsaxsA ljdkjh vQljksa] ofj""B yksxksa ,oa ekrk firk ls laca/k vfr e/kqj jgsaxsA ,d yEch ;k=k cgqr Qk;nsean jgsxhA vkids fe= o lg;ksxh vkidh iwjh lgk;rk djsaxsA vkidk eu v/;kRe vkSj thou ds mPp n'kZu dh vksj eqM+ tk,xkA u, O;kikj djus ;k ukSdjh cnyus dh iwjh laHkkouk gSA fojks/kh vkidks dksbZ uqdlku ugha igqapk ik,xsaA NksVh eksVh chekfj;ka yxh jgsaxhA ","You will be quite happy during this period. Your efforts will start giving you good results. You will enjoy very good relationship with your parents, seniors and government authorities. A long distance travel shall be rewarding. Your friends and associates will assist you in your pursuits. Your mind will bend towards spiritualism or the higher philosophy of life. There are chances of your entering in to new business or a changed job. Your opponents will not be able to do any harm. Minor health ailments could also be possible."
XHKA:,"viuk eupkgk ifj.kke ikus ds fy, vkidks dM+h esgur djuh iM+sxhA oSls eksVs rkSj ij ifj.kke vk'kktud ugha fudysaxs ysfdu dke foyEc ls iwjk gksxkA bl vof/k esa fdlh dke esa cM+k ifjorZu ugha djuk pkfg,A /kS;Z dh gj fdz;k esa cgqr vko';drk jgsxhA lkFkh dk LokLF; vkidks ekufld :i ls fpfUrr j[k ldrk gSA O;kikj ukSdjh ds flyflys esa fd, x, Hkze.k ykHkdkjh fl) gksaxsA tehu dh [kjhn vkSj fdlh vPNs le; djus ds fy, eqYroh jf[k,A ","You have to put tremendous labour to see things going the way you would like them to work load may be tiring. By and large results won't be disappointing but the feeling of delays in activities could be felt. At the same time, this period does not permit you to do things in a big way. An element of patience will should be quite normal. The health of your spouse could create some mental anxiety for you. Travelling regarding business/job will be satisfactory. Purchase of land should be postponed for another better period."
XHLA:,"bl vof/k esa vkidh lkjh bPNkvksa vkSj egRokdka{kkvksa dh iwfrZ gksxhA vki u, m|e 'kq: djsaxsA fe=ksa vkSj fgrSf""k;ksa ls [kwc enn feysxhA bl vof/k esa O;kikj }kjk vkidks vPNk [kklk ykHk gksuk pkfg,A fudV laca/kh ds ckjs esa dksbZ vPNh [kcj fey ldrh gSA lqnwj izns'kksa ds fuokfl;ksa ls vkids vPNs laca/k dk;e gksaxsA Hkze.k mi;ksxh jgsxkA iz.k; laca/kksa ds fy, Hkh ;g le; vPNk gSA ifjokjtuksa dk O;ogkj vkids izfr cgqr vPNk jgsxkA ","Your hopes and aspiration will be realised in this period. You can enter into new enterprises. There will be lot of support from your friends and well wishers. This period should give you some substantial gains in your business, trade etc. You might hear good news regarding your close relatives. You will come into contact with people from far off places. Travelling will be very useful. This period is also very good as far as love life is concerned. Behaviour of family members will be very nice towards you."
XHMA:,"bl vof/k esa thou 'kfDr esa deh gksus ds dkj.k vki csgn v'kDr eglwl djsaxsA Qkyrw ds dkeksa esa vki viuh ÅtkZ cckZn djsaxsA /ku gkfu gksxhA ifjokjtuksa dh chekjh vkidh ekufld 'kkafr Hkax dj nsxhA O;; djus dh izo`fr c<s+xhA vokafNr LFkku ij vkidks fuokl djuk iM+ ldrk gSA ysfdu ;g bnz;krhr vuqHko izkIr djus ds fy;s cqjk le; ugha gSA /kkfeZd fdz;kdykiksa esa dqN le; fcrkus dh lykg nh tkrh gSA lkalkfjd ekeyksa ds fygkt ls;g Js""B le; ugha gSA ",During this period you will feel spent due to lack of vitality. You will waste your energy in fruitless pursuits. Loss of money will be quite evident. Family members ill health might disturb your peace of mind. Your expenses will have the tendency to rise very high. You may have to live inan undesirable place. However this is not bad for psychic experiences. It is advisable to devote some time on religious activities. But as far as worldy matters are concerned this is not a good period. Don't get involved in new things.
XIBA:,mYVh lh/kh rjg ls dke djus dh vkidh izo`fr gksxhA fdlh Hkze esa u jgsaA bl vof/k esa vkidks Mj lrkrk jgsxkA vkids vius yksx ckj ckj vkidks /kks[kk nsaxsA tYnckth ;k gM+cM+h ls dksbZ Qk;nk ugha gksxkA L=h oxZ ls vkids laca/k vPNs ugha jgsaxsA 'kh?kz iSlk cukus ds rjhdksa ij vPNh rjg lksp fopkj dj vey djsaA rF;thoh jgsa Le`frthoh ughaA fdlh xqIr jksx ds dkj.k vki ijs'kku jg ldrs gSaA ,You will be inclined to do things hap hazardly. Don't indulge in illusions. A sense of fear will predominate you in this period. Your own people will deceive you at so many occasions. Rashness won't lead you anywhere. Your friendship with the opposite sex will not be cordial plans of making quick money should be scrutinized first. Try to live with the facts and not on memories. Health ailment of secret nature might disturb your happiness.
XICA:,"jkstejkZ ds thou esa iSlk olwy djus esa vkidks ijs'kkuh gks ldrh gSA fdlh Hkh m?ke dh izk;kstuk dh iwjh tkap ij[k dj ds gh iwath fuos'k dh lkspsaA ?kj dk okrkoj.k Hkh rukoiw.kZ jgsxkA ifjokjtuksa ls dHkh dHkh erHksn jgsxkAbl vof/k esa vka[k dh ihM+k Hkh vki Hkksx ldrs gSaA lk/kkj.k :i ls LokLF; Bhd jgsxkA 'k=q uqdlku igqapkus dk iz;Ru djsaxsA ?kj ds ekeyksa esa ,d vlqj{kk dh Hkkouk ls vkdzkUr jgsaxsA ",You might face difficulties even in realising the routine of money. An investment should not be done without going into the practical details of the work. Family atmosphere will be any how tense. Your family members will differ with you at certain occasions. You may develop some eye problem in this period. General state of health will not be okay. Your enemies will try to harm you. A sense of insecurity will prevail as far as home affairs are concerned.
XIDA:,"viuh m/ke 'kfDr vkSj egrh ÅtkZ ds }kjk vki fdlh Hkh dke dks cgqr vPNs rjhds ls iwjk djus esa l{ke jgsaxsA vkids mn~ns'; dh n`<+rk ljkgh tk;sxhA viuh n`<+ bPNk 'kfDr ds dkj.k foijhr ifjfLFkfr esa Hkh vkidks efr Hkze ugha gksxk vkSj lgh dke djsaxsA vkidk lkekftd nk;jk c<s+xk vkSj vkidh izfr""Bk esa Hkh c<ksRrjh gksxhA dkQh Hkze.k djuk iM+sxkA HkkbZ cfguksa ls laca/k vPNs jgsaxsA lapkj ek/;e Onkjk vkidks mRlkgo/kZd lekpkj feysxkA O;kikj vkSj ysu nsu ds lkSnksa dh cgqr vPNs jgus dh laHkkouk gSA vxj ukSdjh esa gSa rks 'kh?kz inksUufr gksuh pkfg;sA ","You will have tremendous power and energy to carry out what you want in a beautiful manner. Your fixity of purpose will be appreciated. You will also have strong will power toact positively even in adverse conditions. Your social circle will widen in this period there will be an enhancement of your reputation. Frequent travel could be quite in evidence.Your relationship with your brothers and sisters will be fine. You might get encouraging news through communication. Business/trade prospects will be very good, a promotion should be anticipated if employed somewhere."
XIEA:,"iz;klksa esa vlQyrk feyus ds dkj.k ekufld osnuk c<s+xhA ekfydksa] ofj""B vf/kdkfj;ksa ds jks""k ds Hkktu gksaxsA ikfjokfjd okrkoj.k Hkh lkSgknZiw.kZ ugha jgsxkA ;k=k,a d""V nk;d gks ldrh gSA eka cki ls fuckg eqf'dy izrhr gksxkA vokafNr lk/kuksa ls 'kh?kz iSlk dekus dk iz;Ru u djsaA ukSdjh ;k dke ds gkykr larks""kizn ugha lkfcr gksaxsA fe=ksa vkSj lg;ksfx;ksa ls >xM+sa gks ldrs gSaA LokLF; laca/kh ijs'kkuh Hkh jgsxhA viuk gj dke lyhds ls djus dk iz;Ru djsaA nq?kZVuk gksus dh Hkh laHkkouk jgsxhA foijhr ifjfLFkfr;ksa dks cqf)erk ls >syus dk fo'okl vius vUnj iSnk djsa D;ksafd bldh dkQh t:jr is'k vk;sxhA ","Due to failure in attempts, mental anguish will aggravate. Displeasure of superiors/bosses will be quite evident. Family atmosphere will also not be cordial. Travels could be troublesome. You may not be able to cope well with your parents. Don't adopt undesirable means for quick monetary gains. Working/service conditions shall not be satisfactory. Quarrel with friends or colleagues is possible health hazards would be there. It is better to be method icalin your approach. There could be danger of accident/mishap. Try to build up your confidence to cope with awkward situations which will come in this period."
XIFA:,"lgh fu.kZ; ysus dh vkidh {kerk vkSj ;ksX;rk ij cqjk izHkko iM+sxkA vki vius vkl ikl Hkze dk fo'o cuk ysuk pkgsaxsA >wBh vk'kk,a vkids y{; dks Hkzfer dj nsaxhA lV~Vsckth dh izo`fr ij iwjk vadq'k yxk;sA fe=ksa ls laca/k e/kqj ugha jgsaxsA fdlh eqdnesckth ds pDdj esa vius vkidks u Qalk;saA fdlh ds tekurh cuus dh ps""Vk u djsaA vius LokLF; dk [;ky j[ksaA QwM ikbtfuax ds dkj.k isV ds jksx mHkj ldrs gSaA ",Your power of judgement and accuracy will be affected. You would like to create a world of illusion around you. False hopes may shatter your real goals. Speculative tendencies should be totally curbed. Family members ill health could be the cause of anxiety. Your relationship with friends may not be cordial. Don't involve yourself in court cases. You had better not stand for anybody's surety. Take care of your health and food poisoning could be the cause of stomach ailments.
XIGA:,"bl vof/k esa vki vius m|eksa esa dkQh lQy jgsaxsA dke djus ds gkykr esa lq/kkj gksxkA iSlk lk/kkj.k :i ls vkids ikl vk;sxkA ljdkj vkSj lRrk/kkjh O;fDr;ksa Onkjk vki dk lc dke iwjk dj fn;k tk;sxkA vius fojksf/k;ksa dk vki fuf'pr :i ls ijkHko dj nsaxsA bl vof/k ds e/; esa ,d lq[kn ;k=k vo'; djsaxsA ikfjokfjd okrkoj.k Hkh vPNk jgsxkA uQs dh lkSnk gksus dh iwjh laHkkouk gSA vxj vkius izkFkZuk dh gS rks vkfFkZd lk/ku o :i;k iSlk vo'; izkIr djsaxsA NksVh eksVh chekfj;ka yxh jg ldrh gSaA ","This period will make you very successful in your ventures. Your service working conditions will improve. Money will flow quite normally. Your deals with government and authorities will get through. You will definitely overcome your opponents. A pleasant trip is almost certain to take place somewhere in the middle of this period. Family atmosphere shall be very good. There will be good chances of entering into profitable deals. If you have applied for loans, then you might get finances. Minor health ailment could also be possible."
XIHA:,bl vof/k esa vkids yk[k pkgus ds ckotwn Hkkxhnkjksa vkSj lg;ksfx;ksa ls vkids laca/k e/kqj ugha jg ik;saxsA fuR; ppkZ esa Hkh O;o/kku mifLFkr gksaxsA ikfjokfjd lnL;ksa dk orkZo vPNk ugha jgsxkA vkids eqdnekckth vkSj dkuwuh ipM+ksa esa Qalus dh iwjh laHkkouk gSA >wBh vk'kkvksa ij fuHkZj u jgsa D;ksafd vkids fe=x.k t:jh volj ij vkidks uhpk fn[kk;saxsA LokLF; dk /;ku j[ksaA QwM ikbtfuax dk [krjk gks ldrk gSA tgka rd laHko gks] ;k=kvksa ls cpsaA ,"In this period however much you may try, you will not be able to maintain good relations with your partners/associates etc. You might face obstacles in your day to day pursuits. Family members attitude will not be cordial. There is a danger of getting involved in litigations or court cases. Don't depend on false hopes as your friends will let you down at crucial occasions. Take care of your health. There could be danger of food poisoning too. As far aspossible,  travels should be avoided."
XIIA:,bl vof/k ds nkSjku nq?kZVuk;sa ekufld 'kkafr Hkax dj ldrh gSaA iz;klksa esa vlQyrk gh gkFk yxsxhA vkids Hkze Hk;dkjh euksfod`fr cu ldrs gSaA vkidh lkFkh dk crkZo vkidks vlguh; ekywe iM+sxkA /kU/ks @ O;kikj esa Hkh dke vPNk ugha pysxkA dqN u dqN ijs'kkfu;ka vkidks lnSo ?ksjs jgsaxhA LokLF; dh leL;kvksa ds dkj.k vki lgh izdkj ls vius opu ugha fuHkk ik;saxsA xw< foKku dh vksj vkidh :fp tkx`r gksxh vkSj dqN vrhfUnz; vuqHko Hkh izkIr dj ldrs gSaA ,"During this period, mishaps could be the cause of mental anxiety. Failure in attempts shall be quite obvious.Your illusions may turn into phobia. Your spouse or sweet heart's behaviour could be untolerable. Intrade/business etc. You may not be able to do anything good. Some botherations may be around you all the time. Health problems may not permit you to keep your promises on the positive side of this period. You may develop some taste for occult subjects and some psychic experiences could be felt."
XIJA:,"bl vof/k esa vkidks feys tqys Qy feysaxsA oSls vki vius O;olk;@O;kikj esa vPNk dke djsaxsA vki vius y{; ls Hkzfer ugha gksaxs vkSj ,d ckj gkFk esa ysus ds ckn dke NksM+saxs ughaA vkidk fu'p; n`<+ jgsxkA ysfdu xq:tuksa vkSj ekrk firk ls laca/k cgqr vPNs ugha jgsaxsA dHkh dHkh vki rdZ cqf) ls bruk dke ysaxs fd ekeys dh rg rd gh u igqap ik;saxsA vkids O;fDrRo esa vgadkj dk izos'k gks tk;sxkA vkids bl crkZo ls vki tufiz; ugha jg ik;saxsA viuh vUrZn`f""V ls vius vki dks tkapus ij[kus dk iz;Ru djsaA ","You will get mixed results in this period. However, you will do good in your profession/trade etc. Your fixity of purpose will remain intact and you will not abandon work once undertaken or lose determination. You would like to support your bothers and sisters. Still your relationship with parents/seniors may be tilting towards the side. At times, you will become too rationable to understand realgist of the things. There is danger of developing egoistic temperament in your personality. This attitude of yours can lead you towards unpopularity. Try to watch yourself inwardly."
XIKA:,"bl vof/k ds nkSjku vkidk vius izfr fo'okl cgqr c<+k p<+k jgsxkA vki fuMj la?k""kZizseh vkSj >xM+s >a>V ls Mjus okys ugha gksaxsA vkidh esgur vkSj deZBrk ls O;kikj /ka/ks esa fodkl gksxkA ofj""B yksxksa vkSj lRrk/kkjh O;fDr;ksa ls vkids laca/k e/kqj jgsaxsA lkFk gh lkFk vkids O;kikfjd {ks= esa c<+ksRrjh gksxhA ,d lksph gqbZ ;k=k iwjh djus ls vlhfer ykHk izkIr djsaxsA izfrLi/kkZ esa fot;h jgdj vki vius 'k=qvksa dk ijkHko dj nsaxsA LokLF; Hkh cgqr vPNk jgsxkA ","During this period, your confidence will be par excellence. You will be fearless and fond of struggle, and strife. By dint of labour and hard work, business trade prospects will be on positive side. Your relationship with seniors/ authorities will be very cordial and at the sametime your business circle will increase. An expected journey shall bring infinite results. Family life will be very happy. There are chances of a rise in income. You will be able to overcome competition and will prevail over opponents. A sound state of health is also indicated."
XILA:,"vki egRoiw.kZ O;fDr;ksa ds lEidZ esa vk;saxsA vkenuh esa btkQk Li""V:i ls izfrf{kr gSA u;s m|eksa ls lEc) jgsaxsA fe= vkSj lg;ksxh iwjh enn djsaxsA yEch ;k=kvksa ls ykHk gksxkA fonsf'k;ksa ls vf/kd lEidZ cusaxsA ikfjokfjd thou vfr lq[kn jgsxkA iz.k; vkSj izse laca/kksa ds fy;s ;g dky ojnku ln`'k gSA vki la?k""kZ esa ohjksfpr Hkkouk ls tw>rs jgsaxs vkSj 'k=qvksa dk ijkHko dj nsaxsA oSls vkidk LokLF; Bhd jgsxkA flQZ d.kZ jksx ls ijs'kku jg ldrs gSaA ",You will come into contact with some influential people. Rise in income is clearly indicated. You might also enter into new ventures. Your friends and associates will provide their best support. Long distance travel is going tobe beneficial. Your contacts with foreigners will also increase. Family life will be very happy. For love and romance this is going to be a boon. You will be heroic in strife and overcome your enemies. Your health is generally good but disease of ear could be possible.
XIMA:,"bl vof/k esa fuokl LFkku ;k ukSdjh dk ifjorZu laHkkfor gSA Hkkjh O;; ls vki O;fFkr jgsaxsA vius yksxksa ls gh >xM+s fookn gks ldrs gSaA ;k=k,a Fkdkus okyh vkSj lQynk;d ugha jgsaxhA ikfjokfjd lnL; vkids izfr mnklhu jgsaxsA 'k=q uqdlku igqapkus dk iz;Ru djsaxsA nq""V fe=ksa ls lko/kku jgsaA og vkidh izfr""Bk ij vkap yk;saxsA ifjokj ds fdlh lnL; dh chekjh fpUrk dk ,d dkj.k jgsxkA vHkh fdlh ;k=k dh ;kstuk u cuk,aA",Change of job or residence is indicated in this period. Heavy expenditure will make your frustrated. Quarrles with your own people is possible. Travels may be tiring and unrewarding. Family members attitude will be indifferent. Your enemies will try to harm you. The tendency of uncommendable act in a secret manner should be totally crushed. Be careful of wicked friends as your reputation could be made to suffer on their account. Family members illhealth may be another cause of anxiety. Do not therefore plan a journey now.
XJBA:,"bl vof/k esa O;ogkfjd jgus dk iz;Ru djsaA oLrqr% bl nkSjku vkidh O;FkZ ds dkeksa esa Qals jgus dh ps""Vk jgsxhA bu lc ckrksa ds dkj.k vki O;FkZ esa gh ijs'kku jgsaxsA vf/kd vkRefo'okl vkidks vkinxzLr dj ldrk gSA iSlk [kksus dk Hkh [krjk gSA viuh izfr""Bk ds izfr lpsr jgsa vkSj viuh leL;kvksa ds lek/kku ds fy;s ifjokj ds lgkjs@enn ij vf/kd fuHkZj u jgsaA fe= o fgrS""kh viuk opu ugha fuHkk;saxsA ;k=k ls ftruk cpsa mruk vPNk gSA fojks/kh izcy jgsaxsA LokLF; vPNk ugha jgsxk blfy;s mldk /;ku j[ksaA ","Try to be practical in this period. As a matter off act you will be inclined towards unproductive pursuits. Due to all this you will unnecessarily be a perturbed person.Over confidence can lead you towards miseries. There is adanger of losing money. Be careful about your reputation during this period also, do not count on family support to help you during these problem. Your friends and well wishers shall not keep their promises. It is better to avoid travel as far as possible. Your opponents will have an edge over you. Health may not be good and therefore you are advised to take good care."
XJCA:,"xUnh Hkk""kk cksyus ds dkj.k vius yksxksa ls Hkh vkidh nq'euh gksus dh laHkkouk gSA blfy;s vkidks viuh ok.kh ij iwjk fu;a=.k j[kuk pkfg,A [kkl rkSj ij mu yksxksa ds izfr ftuls vkidh ?kfu""Vrk gSA ugha rks xyrQgeh gks tk;sxhA iSls :i;s dh gkfu gksus dh laHkkouk gSA vius ikfjokfjd lnL;ksa ds lkFk vkids fuokZg esa eq'fdysa is'k vk;saxhA bl vof/k esa dksbZ u;s m?ke u 'kq: djsaA blh ekg esa vkids O;kf/kxzLr gksus dh Hkh laHkkouk gSA vkRefo'okl dh deh vkiesa Li""V ifjyf{kr gksxhA ;k=kvksa dk dksbZ O;ogkfjd vFkZ ugha fudysxkA lk/kkj.k rkSj ij ;g le; vkids fy;s vPNk ugha gS D;ksafd vkReh; tu Hkh dkQhnwj gks tk;saxsA ","There are chances of making enemity with your own people by using foul language. Therefore, control your words to avoid misunderstandings between those close to you. Loss of money is possible. It is better not to launch new ventures in this period. You may not be able to cope well with your family members. There are chances of having diseases in this month. Lack of confidence will be quitevisible in you. Journies shall be of no practical use. In general this period is not very good as very close associates, friends and family members may appear distant."
XJDA:,"vki vius dke cqf)ekuh ls ugha fuiVk;saxsA oSls bl iwjh vof/k esa vki vk'kkoknh jgsaxsA lapkj }kjk izkIr lekpkj ls ykHkkor gksaxsA vpkud ;k=k djus ls Hkh vPNs Qy fudysaxsA vkenuh esa btkQk gksxkA ikfjokfjd thou ij jkgrdkjh izHkko iM+sxkA vxj inksUufr gksus okyh gS rks tSlh vki pkgsaxs oSlh gh gksxhA fe= eaMyh c<s+xhA fnekx dk v/;kRe ds izfr >qdko c<s+xkA okLro esa ;g vkids fy;s ,d lkSHkkX;'kkyh le; gSA ",You will not carry your pursuits intelligently. You will be full of optimism during this period. You will be benifitted through news coming in some form of communication. Sudden travel will also bring good luck for you. There will be increase in income. Your family life will have soothing effect upon you. If you are heading for promotion then this is will come your way. Your friend circle will also increase. Your mind will also bend towards spiritualism. A lucky period indeed for you.
XJEA:,"bl vof/k ds nkSjku oSpkfjd Li""Vrk dk vHkko jgsxkA lk/kkj.k :i ls izlUurk ugha feysxhA ikfjokfjd okrkoj.k Hkh ijs'kku j[ksxkA NksVh NksVh ckrksa ij >xM+sa vkSj fookn gks ldrs gSaA O;kikj /kU/kk Hkh eUnk pysxkA vxj ukSdjh djrs gSa rks ukSdjh ds gkykr Hkh larks""kizn ugha gksaxsA bl vof/k esa vkids 'kh?kz O;kf/kxzLr gksus dh izo`fr jgsxhA ifjokjtuksa dh chekjh fpfUrr j[ksxhA oSls vkidk eu /kkfeZd fdz;k dyki dh vksj >qdk jgsxk vkSj vki ifo= LFkyksa dh ;k=k djsaxsA ","During this period, clarity of thought will be missing. At times, you will be totally confused about what to do. General happiness will not be there. Family atmosphere will also be some what disturbing. Dispute oversmall issues are possible. Your business/trade will go through a lean phase during this period. If employed, service/ working conditions will not be satisfactory. You are prone to certain diseases in this period. Family members ill health may be the cause of anxiety. However, your mind will be inclined towards religious activities, and you might make journey to sacred places."
XJFA:,"bl vof/k esa vki cgqr ls dke ,d lkFk djus dk iz;Ru djsaxs vkSj Bhd ls dqN Hkh ugha dj ik;saxsA tYnckth ls fcYdqy dke ugha cusxkA vki bl ckr dk iwjk /;ku j[ksa fd bl vof/k esa ifjokj ds fdlh lnL; dh chekj iM+us dh laHkkouk gSA dqy feykdj ikfjokfjd ekgkSy rukoxzLr gh jgsxkA tksf[ke mBkus dh izo`fr dks yxke nsaA 'k=q vkidh lk[k fcxkM+us dk iz;Ru djsaxsA bl vksj iwjh rjg 'kfDrZd jgsaA tgka rd laHko gksA ;k=k ls cpsaA isV ds jksx ls O;fFkr jgsaxsA ","You will be inclined to do so many things at the sametime and in this process you won't reach any where. Rashness is definitely not going to help you in this period. Take care. A family member is likely to suffer due to ill health. On the whole, family atmosphere will be tense. Risk taking tendencies should be curbed totally your enemies will try to damage your reputation. Be cautious in this regard. As far as possible travels should be avoided. You might suffer due to stomach ailments."
XJGA:,"O;kikj /kU/kS esa bl vof/k esa vki cgqr vPNk dke djsaxsA vxj ukSdjh is'kk gSa rks ukSdjh dh gkyrksa esa lq/kkj gksxkA O;kikj ds foLr`r gksus dh laHkkouk gSA vkidh izfr""Bk c<s+xhA bl nkSjku gj {ks= ls vkidks lEeku feysxkA ifjokj tuksa dk crkZo cgqr vPNk jgsxkA izfrLi/kkZ esa lQy gksaxsA nq'euksa dh vkidk lkeuk djus dh fgEer ugha iM+sxhA vpkud ;k=k lkSHkkX; o`f) djsxhA LokLF; vPNk jgsxkA lkjs iz;kl dj lkSHkkX;dky dks iwjh rjg Hkqukus ds fy;s ;g Js;Ldj le; gSA ",You will do extremely good in your business/trade etc. If employed then service conditions will improve. Anexpansion of business is likely to take place. Your reputation will definitely be enhanced. During this period you will get respect from all circles. Family members attitude will be cordial towards you. You will come out with flying colours in competitions. Your opponents will have no courage to face you. Unexpected travel will bring good luck.Your health will be good. This being a good period make all attempts to gather all the luck coming your way.
XJHA:,"bl vof/k ds nkSjku vkidks feys tqys Qy feysaxsA vpkud HkkX; pedsxkA vkidk lkekftd {ks= fodflr gksxkA iz.k; vkSj izse ds fy;s ;g le; vPNk ugha gSA izsfedk ls >xM+s vkSj fookn gksus dh iwjh laHkkouk gSA [kpZ Hkh vpkud cgqr c<+ tk;sxkA Hkze.k ls dksbZ fo'ks""k ykHk ugha gksus okykA tksf[ke Hkjs dkeksa esa Qalus dh laHkkouk gSA 'kk;n tksf[ke mBkus ds fy;s ;g mi;qDr le; ugha gSA NksVh eksVh chekfj;ka Hkh yxh jg ldrh gSaA ","You will get mixed results in this period. You will find sudden stroke of luck. Your social circle will widen. However, this is not a good period for love and romance. Quarrel or enemity with sweet heart is possible. Your expenditure will rise unexpectedly. Travelling will not be of much use. There are chances of getting involved in risky jobs. Probably, this is not the right period to take risks. Minor health problems could also be possible."
XJIA:,"bl vof/k esa vpkud ykHk gksus dh laHkkouk gSA vxj olh;r izkIr djus dh laHkkouk gS ;k vki mldks izkIr djus ds fy;s bPNqd gS rks vki mls izkIr dj ldrs gSaA vkidk eu /kkfeZd fdz;kdykiksa dh vksj >qdk jgsxkA dqN vrhfUnz; vuqHko Hkh izkIr dj ldrs gSaA ikfjokfjd ekgkSy lkSgknZiw.kZ jgsxkA vpkud ;k=k,a lQynk;d fl) gksaxhA vkidh izfr""Bk c<s+xh vkSj lEeku esa btkQk gksxkA NksVh eksVh chekfj;ka ekufld 'kkafr Hkax dj ldrh gSaA vki rhFkkZVu ij tk ldrs gSaA dqy feykdj lq[kh jgsaxsA ",Unexpected gains could be possible in this period. If aspiring for legacy of inheritance then it might come your way. You will bend towards religious activities. Some psychic experiences may be felt. Family atmosphere will be very good. Sudden travels will be beneficial. There will be an increase in your respect and reputation. Minor health ailments could disturb your peace of mind. You might go for pilgrimage. General happiness is indicated.
XJJA:,"fdlh laLFkku ds izeq[k O;fDr ds vki lEidZ esa vk;saxsA vkSjksa ds izfr tudY;k.k dh Hkkouk ls dke djus dh izo`fr gksxhA fdlh u;h l`tukRed miyfC/k ds dkj.k vkidks ekU;rk fey ldrh gSA oSls bl vof/k esa vkidh izfr""Bk c<saxh vkSj lEeku esa btkQk gksxkA vki vfr lEekuh; O;fDr le>s tk;saxsA ;k=k dk cgqr egRo gksxkA vkidh /keZ ,oe~ v/;kRe dh vksj >qdus dh izo`fr esa HkkoukRed xgjkbZ dk lekos'k gksxkA ikfjokfjd thou g""kksZYykl ls lEiUu jgsxkA ifjokj esa dksbZ eaxy d`R; gksxkA bl vof/k dk iwjk ykHk mBkus dk iz;Ru djsaA ",You will come into close contact with the head of some institution. You will develop philanthrofic trend towardsothers. You might get some recognition of your inventive work. On the whole your reputation and respect will definitely increase. You will be highly esteemed. Travel will be of great significance. Your religious/spiritual inclination will be intense. Family life shall be full of pleasure. Some auspicious ceremony may be celebrated in your family. Try to make the best use of this phase.
XJKA:,"vki ifj.kkeksa ds izfr cgqr vf/kd vk'kkoknh jgsaxsA fQj Hkh O;kikj o`f) dh laHkkouk,a vPNh jgsaxhA egRoiw.kZ O;fDr;ksa ds lkFk lEidksZ esa c<+ksRrjh gksxhA ukSdjh ds gkykr esa lq/kkj gksxkA ckj ckj ;k=k djus dh laHkkouk jgsxhA vkidk ef""r""d u;s ifjorZu ykus vkSj u;s l`tu djus dh fopkj /kkjkvksa ls vfHkHkwr jgsxkA ysfdu budk ewrZ :i nsus ls igys u;s ifjorZuksa dh vPNkbZ vkSj cqjkbZ dk vPNh rjg fo'ys""k.k djsaA oSls ?kj ds ekeysa vkids /;ku dh dkQh ekax djsaxsA ifjokjtuksa dh chekfj;ka ekufld :i ls vkidks dkQh fpUrkxzLr j[k ldrha gSaA ","You will be over optimistic about the results. Still business prospects will be good. Your contact with influential people will increase. Service conditions will improve. Frequent travel is quite possible. Your mind will be full of innovative and creative thoughts, but don't try to apply them without realising the pros and cons of the situations. However, your home front will demand more attention. Family members ill health may cause some mental anxiety."
XJLA:,"vpkud ifjfLFkfr;ka vkids dkQh vuqdwy gksrh tk;saxhA dqN O;kikfjd lkSns vkidks dkQh ykHkkor dj nsaxsA fe= vkSj fgrSf""k;ksa dk iwjk lg;ksx jgsxkA mPp dksfV ds 'kkjhfjd ;k ekaly lq[k vkidks izkIr gksaxsA vxj ukSdjhis'kk gSa rks inksUufr izkIr djsaxsA bl vof/k esa yEch ;k=k dh Hkh izcy laHkkouk gSA ikfjokfjd thou larks""k iznku djsxkA lkekftd {ks= esa vki izpqj izfr""Bk vkSj lEeku ds Hkkxh gksaxsA ","All of a sudden, circumstances will start favouring you. A few business deals will give you much more dividends. There will be a lot of support from friends and well wishers. Sensual pleasure of high magnitude is also in store for you. A promotion could come in your way if employed. Long distance travel is likely to take place during this period. Family life shall be quite satisfactory. In your social circle you will command much respect and regard."
XJMA:,"nwljksa dh lgh lykg ij /;ku u nsus dh vkidh ps""Vk jg ldrh gSA xyr vkSj ikiiw.kZ dk;ksZ ls layXu jgus dh laHkkouk gSA xyr fu.kZ; ds dkj.k vki fpUrkxzLr jg ldrs gSaA bl vof/k esa lud vkSj mUekn ls izsfjr gksdj dke u djsa o vki xgjh eqlhcr esa iM+ ldrs gSaA oSls bl vof/k esa vki xw<+ foKku laca/kh dk;ksZa esa izo`rh jg ldrs gSaA bl vof/k ds nkSjku vkidk LokLF; vPNk ugha jgsxkA","You might develop a tendency not to listen to good advise by others. There are chances of indulging in wrong or sinful acts. Your huge expenses may bring you under debt therefore try to curb your spending. Worried person on account of wrong decisions. Don't try to act on your instincts in this period otherwise you may be in diretrouble. However, this period may see you indulging in some type of occultism. Your health may not be good in this period."
